queue_id	transaction_id	add_work_id	add_title	add_creator	cut_work_id	cut_title	cut_creator	add_score	cut_risk_score	pair_review_priority	review_bucket	duplicate_check	chronology_check	boundary_check	cut_rationale	next_action
x049_pair_review_0001	x047_pair_000039	work_candidate_source_loa_brown_narrative	Narrative of William W. Brown, A Fugitive Slave. Written by Himself	William Wells Brown	work_candidate_mandatory_burns_poems_chiefly	Poems, Chiefly in the Scottish Dialect	Robert Burns	4.350	6.00	7.350	generic_duplicate_cluster_first	cut_generic_duplicate_cluster_review_required	pending_path_position_chronology_validation;add_year=1847;cut_year=1786	add_boundary_clear_cut_not_flagged	open_no_evidence;generic_title;duplicate_cluster=selected poems(106)	manual_pair_review_before_any_ready_for_review_promotion
x049_pair_review_0002	x047_pair_000025	work_candidate_source_loa_brown_narrative	Narrative of William W. Brown, A Fugitive Slave. Written by Himself	William Wells Brown	work_candidate_me_lit_shmuel_hanagid_poems	Selected Poems	Samuel ha-Nagid	4.350	6.00	7.350	generic_duplicate_cluster_first	cut_generic_duplicate_cluster_review_required	pending_path_position_chronology_validation;add_year=1847;cut_year=1050	add_boundary_clear_cut_not_flagged	open_no_evidence;generic_title;duplicate_cluster=selected poems(106)	manual_pair_review_before_any_ready_for_review_promotion
x049_pair_review_0003	x047_pair_000068	work_candidate_source_loa_brown_narrative	Narrative of William W. Brown, A Fugitive Slave. Written by Himself	William Wells Brown	work_candidate_completion_lit_szymborska_poems	Selected Poems	Wislawa Szymborska	4.350	6.00	7.350	generic_duplicate_cluster_first	cut_generic_duplicate_cluster_review_required	pending_path_position_chronology_validation;add_year=1847;cut_year=1950	add_boundary_clear_cut_not_flagged	open_no_evidence;generic_title;duplicate_cluster=selected poems(106)	manual_pair_review_before_any_ready_for_review_promotion
x049_pair_review_0004	x047_pair_000069	work_candidate_source_loa_brown_narrative	Narrative of William W. Brown, A Fugitive Slave. Written by Himself	William Wells Brown	work_candidate_africa_lit_ingrid_jonker_poems	Selected Poems	Ingrid Jonker	4.350	6.00	7.350	generic_duplicate_cluster_first	cut_generic_duplicate_cluster_review_required	pending_path_position_chronology_validation;add_year=1847;cut_year=1950	add_boundary_clear_cut_not_flagged	open_no_evidence;generic_title;duplicate_cluster=selected poems(106)	manual_pair_review_before_any_ready_for_review_promotion
x049_pair_review_0005	x047_pair_000070	work_candidate_source_loa_brown_narrative	Narrative of William W. Brown, A Fugitive Slave. Written by Himself	William Wells Brown	work_candidate_euro_under_lit_selected_poems_waldo	Selected Poems	Waldo Williams	4.350	6.00	7.350	generic_duplicate_cluster_first	cut_generic_duplicate_cluster_review_required	pending_path_position_chronology_validation;add_year=1847;cut_year=1950	add_boundary_clear_cut_not_flagged	open_no_evidence;generic_title;duplicate_cluster=selected poems(106)	manual_pair_review_before_any_ready_for_review_promotion
x049_pair_review_0006	x047_pair_000071	work_candidate_source_loa_brown_narrative	Narrative of William W. Brown, A Fugitive Slave. Written by Himself	William Wells Brown	work_candidate_completion_lit_selected_poems_rainis	Selected Poems	Rainis	4.350	6.00	7.350	generic_duplicate_cluster_first	cut_generic_duplicate_cluster_review_required	pending_path_position_chronology_validation;add_year=1847;cut_year=1950	add_boundary_clear_cut_not_flagged	open_no_evidence;generic_title;duplicate_cluster=selected poems(106)	manual_pair_review_before_any_ready_for_review_promotion
x049_pair_review_0007	x047_pair_000072	work_candidate_source_loa_brown_narrative	Narrative of William W. Brown, A Fugitive Slave. Written by Himself	William Wells Brown	work_candidate_euro_under_lit_selected_poems_sorley	Selected Poems	Sorley MacLean	4.350	6.00	7.350	generic_duplicate_cluster_first	cut_generic_duplicate_cluster_review_required	pending_path_position_chronology_validation;add_year=1847;cut_year=1950	add_boundary_clear_cut_not_flagged	open_no_evidence;generic_title;duplicate_cluster=selected poems(106)	manual_pair_review_before_any_ready_for_review_promotion
x049_pair_review_0008	x047_pair_000073	work_candidate_source_loa_brown_narrative	Narrative of William W. Brown, A Fugitive Slave. Written by Himself	William Wells Brown	work_candidate_euro_under_lit_sutzkever_poems	Selected Poems	Avrom Sutzkever	4.350	6.00	7.350	generic_duplicate_cluster_first	cut_generic_duplicate_cluster_review_required	pending_path_position_chronology_validation;add_year=1847;cut_year=1950	add_boundary_clear_cut_not_flagged	open_no_evidence;generic_title;duplicate_cluster=selected poems(106)	manual_pair_review_before_any_ready_for_review_promotion
x049_pair_review_0009	x047_pair_000074	work_candidate_source_loa_brown_narrative	Narrative of William W. Brown, A Fugitive Slave. Written by Himself	William Wells Brown	work_candidate_scale_lit_tsvetaeva_selected	Selected Poems	Marina Tsvetaeva	4.350	6.00	7.350	generic_duplicate_cluster_first	cut_generic_duplicate_cluster_review_required	pending_path_position_chronology_validation;add_year=1847;cut_year=1950	add_boundary_clear_cut_not_flagged	open_no_evidence;generic_title;duplicate_cluster=selected poems(106)	manual_pair_review_before_any_ready_for_review_promotion
x049_pair_review_0010	x047_pair_000075	work_candidate_source_loa_brown_narrative	Narrative of William W. Brown, A Fugitive Slave. Written by Himself	William Wells Brown	work_candidate_bloom_reviewed_heaney_poems	Selected Poems	Seamus Heaney	4.350	6.00	7.350	generic_duplicate_cluster_first	cut_generic_duplicate_cluster_review_required	pending_path_position_chronology_validation;add_year=1847;cut_year=1950	add_boundary_clear_cut_not_flagged	open_no_evidence;generic_title;duplicate_cluster=selected poems(106)	manual_pair_review_before_any_ready_for_review_promotion
x049_pair_review_0011	x047_pair_000076	work_candidate_source_loa_brown_narrative	Narrative of William W. Brown, A Fugitive Slave. Written by Himself	William Wells Brown	work_candidate_me_lit_siamanto_poems	Selected Poems	Siamanto	4.350	6.00	7.350	generic_duplicate_cluster_first	cut_generic_duplicate_cluster_review_required	pending_path_position_chronology_validation;add_year=1847;cut_year=1950	add_boundary_clear_cut_not_flagged	open_no_evidence;generic_title;duplicate_cluster=selected poems(106)	manual_pair_review_before_any_ready_for_review_promotion
x049_pair_review_0012	x047_pair_000102	work_candidate_source_loa_brown_narrative	Narrative of William W. Brown, A Fugitive Slave. Written by Himself	William Wells Brown	work_candidate_bloom_reviewed_welty_stories	Selected Stories	Eudora Welty	4.350	4.70	6.700	generic_duplicate_cluster_first	cut_generic_duplicate_cluster_review_required	pending_path_position_chronology_validation;add_year=1847;cut_year=1950	add_boundary_clear_cut_not_flagged	open_no_evidence;generic_title;duplicate_cluster=selected stories(7)	manual_pair_review_before_any_ready_for_review_promotion
x049_pair_review_0013	x047_pair_000103	work_candidate_source_loa_brown_narrative	Narrative of William W. Brown, A Fugitive Slave. Written by Himself	William Wells Brown	work_candidate_southasia_lit_pudhumaipithan_stories	Selected Stories	Pudhumaipithan	4.350	4.70	6.700	generic_duplicate_cluster_first	cut_generic_duplicate_cluster_review_required	pending_path_position_chronology_validation;add_year=1847;cut_year=1950	add_boundary_clear_cut_not_flagged	open_no_evidence;generic_title;duplicate_cluster=selected stories(7)	manual_pair_review_before_any_ready_for_review_promotion
x049_pair_review_0014	x047_pair_000099	work_candidate_source_loa_brown_narrative	Narrative of William W. Brown, A Fugitive Slave. Written by Himself	William Wells Brown	work_candidate_completion_lit_peretz_stories	Selected Stories	I. L. Peretz	4.350	4.70	6.700	generic_duplicate_cluster_first	cut_generic_duplicate_cluster_review_required	pending_path_position_chronology_validation;add_year=1847;cut_year=1950	add_boundary_clear_cut_not_flagged	open_no_evidence;generic_title;duplicate_cluster=selected stories(7)	manual_pair_review_before_any_ready_for_review_promotion
x049_pair_review_0015	x047_pair_000100	work_candidate_source_loa_brown_narrative	Narrative of William W. Brown, A Fugitive Slave. Written by Himself	William Wells Brown	work_candidate_global_lit_manto_selected_stories	Selected Stories	Saadat Hasan Manto	4.350	4.70	6.700	generic_duplicate_cluster_first	cut_generic_duplicate_cluster_review_required	pending_path_position_chronology_validation;add_year=1847;cut_year=1950	add_boundary_clear_cut_not_flagged	open_no_evidence;generic_title;duplicate_cluster=selected stories(7)	manual_pair_review_before_any_ready_for_review_promotion
x049_pair_review_0016	x047_pair_000332	work_candidate_source_aap_harper_bury_me_free_land	Bury Me in a Free Land	Frances Ellen Watkins Harper	work_candidate_latcarib_lit_silvina_ocampo_stories	Selected Stories	Silvina Ocampo	3.550	4.70	5.900	generic_duplicate_cluster_first	cut_generic_duplicate_cluster_review_required	pending_path_position_chronology_validation;add_year=1858;cut_year=1950	add_boundary_clear_cut_not_flagged	open_no_evidence;generic_title;duplicate_cluster=selected stories(7)	manual_pair_review_before_any_ready_for_review_promotion
x049_pair_review_0017	x047_pair_000337	work_candidate_source_aap_harper_bury_me_free_land	Bury Me in a Free Land	Frances Ellen Watkins Harper	work_candidate_bloom_marvell_poems	Poems	Andrew Marvell	3.550	4.60	5.850	generic_duplicate_cluster_first	cut_generic_duplicate_cluster_review_required	pending_path_position_chronology_validation;add_year=1858;cut_year=1650	add_boundary_clear_cut_not_flagged	open_no_evidence;generic_title;duplicate_cluster=poems(6)	manual_pair_review_before_any_ready_for_review_promotion
x049_pair_review_0018	x047_pair_000336	work_candidate_source_aap_harper_bury_me_free_land	Bury Me in a Free Land	Frances Ellen Watkins Harper	work_candidate_bloom_gap_031_0015_poems	Poems	Alcman	3.550	4.60	5.850	generic_duplicate_cluster_first	cut_generic_duplicate_cluster_review_required	pending_path_position_chronology_validation;add_year=1858;cut_year=-525	add_boundary_clear_cut_not_flagged	open_no_evidence;generic_title;duplicate_cluster=poems(6)	manual_pair_review_before_any_ready_for_review_promotion
x049_pair_review_0019	x047_pair_000371	work_candidate_source_aap_harper_bury_me_free_land	Bury Me in a Free Land	Frances Ellen Watkins Harper	work_candidate_eastasia_lit_buson_haiku	Selected Haiku	Yosa Buson	3.550	4.40	5.750	generic_duplicate_cluster_first	cut_generic_duplicate_cluster_review_required	pending_path_position_chronology_validation;add_year=1858;cut_year=1750	add_boundary_clear_cut_not_flagged	open_no_evidence;generic_title;duplicate_cluster=selected haiku(4)	manual_pair_review_before_any_ready_for_review_promotion
x049_pair_review_0020	x047_pair_000372	work_candidate_source_aap_harper_bury_me_free_land	Bury Me in a Free Land	Frances Ellen Watkins Harper	work_candidate_eastasia_lit_issa_haiku	Selected Haiku	Kobayashi Issa	3.550	4.40	5.750	generic_duplicate_cluster_first	cut_generic_duplicate_cluster_review_required	pending_path_position_chronology_validation;add_year=1858;cut_year=1850	add_boundary_clear_cut_not_flagged	open_no_evidence;generic_title;duplicate_cluster=selected haiku(4)	manual_pair_review_before_any_ready_for_review_promotion
x049_pair_review_0021	x047_pair_000373	work_candidate_source_aap_harper_bury_me_free_land	Bury Me in a Free Land	Frances Ellen Watkins Harper	work_candidate_eastasia_lit_shiki_haiku	Selected Haiku	Masaoka Shiki	3.550	4.40	5.750	generic_duplicate_cluster_first	cut_generic_duplicate_cluster_review_required	pending_path_position_chronology_validation;add_year=1858;cut_year=1850	add_boundary_clear_cut_not_flagged	open_no_evidence;generic_title;duplicate_cluster=selected haiku(4)	manual_pair_review_before_any_ready_for_review_promotion
x049_pair_review_0022	x047_pair_000377	work_candidate_source_aap_harper_bury_me_free_land	Bury Me in a Free Land	Frances Ellen Watkins Harper	work_candidate_bloom_late_032_literature_bloom_democratic_age_reviewed_0364_odes	"""Odes"""	Ugo Foscolo	3.550	4.30	5.700	generic_duplicate_cluster_first	cut_generic_duplicate_cluster_review_required	pending_path_position_chronology_validation;add_year=1858;cut_year=1800	add_boundary_clear_cut_not_flagged	open_no_evidence;generic_title;duplicate_cluster=odes(3)	manual_pair_review_before_any_ready_for_review_promotion
x049_pair_review_0023	x047_pair_000374	work_candidate_source_aap_harper_bury_me_free_land	Bury Me in a Free Land	Frances Ellen Watkins Harper	work_candidate_bloom_pindar_odes	Odes	Pindar	3.550	4.30	5.700	generic_duplicate_cluster_first	cut_generic_duplicate_cluster_review_required	pending_path_position_chronology_validation;add_year=1858;cut_year=-450	add_boundary_clear_cut_not_flagged	open_no_evidence;generic_title;duplicate_cluster=odes(3)	manual_pair_review_before_any_ready_for_review_promotion
x049_pair_review_0024	x047_pair_000375	work_candidate_source_aap_harper_bury_me_free_land	Bury Me in a Free Land	Frances Ellen Watkins Harper	work_candidate_me_lit_navai_ghazals	Selected Ghazals	Ali-Shir Nava'i	3.550	4.30	5.700	generic_duplicate_cluster_first	cut_generic_duplicate_cluster_review_required	pending_path_position_chronology_validation;add_year=1858;cut_year=1450	add_boundary_clear_cut_not_flagged	open_no_evidence;generic_title;duplicate_cluster=selected ghazals(3)	manual_pair_review_before_any_ready_for_review_promotion
x049_pair_review_0025	x047_pair_000376	work_candidate_source_aap_harper_bury_me_free_land	Bury Me in a Free Land	Frances Ellen Watkins Harper	work_candidate_mandatory_saib_tabrizi_ghazals	Selected Ghazals	Saib Tabrizi	3.550	4.30	5.700	generic_duplicate_cluster_first	cut_generic_duplicate_cluster_review_required	pending_path_position_chronology_validation;add_year=1858;cut_year=1650	add_boundary_clear_cut_not_flagged	open_no_evidence;generic_title;duplicate_cluster=selected ghazals(3)	manual_pair_review_before_any_ready_for_review_promotion
x049_pair_review_0026	x047_pair_000378	work_candidate_source_aap_harper_bury_me_free_land	Bury Me in a Free Land	Frances Ellen Watkins Harper	work_candidate_eastasia_lit_xin_qiji_ci	Selected Ci Poems	Xin Qiji	3.550	4.20	5.650	generic_duplicate_cluster_first	cut_generic_duplicate_cluster_review_required	pending_path_position_chronology_validation;add_year=1858;cut_year=1150	add_boundary_clear_cut_not_flagged	open_no_evidence;generic_title;duplicate_cluster=selected ci poems(2)	manual_pair_review_before_any_ready_for_review_promotion
x049_pair_review_0027	x047_pair_000379	work_candidate_source_aap_harper_bury_me_free_land	Bury Me in a Free Land	Frances Ellen Watkins Harper	work_candidate_eastasia_lit_li_qingzhao_ci	Selected Ci Poems	Li Qingzhao	3.550	4.20	5.650	generic_duplicate_cluster_first	cut_generic_duplicate_cluster_review_required	pending_path_position_chronology_validation;add_year=1858;cut_year=1150	add_boundary_clear_cut_not_flagged	open_no_evidence;generic_title;duplicate_cluster=selected ci poems(2)	manual_pair_review_before_any_ready_for_review_promotion
x049_pair_review_0028	x047_pair_000407	work_candidate_source_aap_harper_bury_me_free_land	Bury Me in a Free Land	Frances Ellen Watkins Harper	work_candidate_bloom_late_033_literature_bloom_chaotic_age_reviewed_0857_a_longing_for_the_light_selected_poems	A Longing for the Light: Selected Poems	Vicente Aleixandre	3.550	4.00	5.550	source_debt_first	pending_duplicate_and_author_cluster_review	pending_path_position_chronology_validation;add_year=1858;cut_year=1904	add_boundary_clear_cut_not_flagged	open_no_evidence;generic_title	manual_pair_review_before_any_ready_for_review_promotion
x049_pair_review_0029	x047_pair_000417	work_candidate_source_aap_harper_bury_me_free_land	Bury Me in a Free Land	Frances Ellen Watkins Harper	work_candidate_southasia_lit_angarey	Angarey	Sajjad Zaheer, Rashid Jahan, Ahmed Ali, and Mahmuduzzafar	3.550	4.00	5.550	source_debt_first	pending_duplicate_and_author_cluster_review	pending_path_position_chronology_validation;add_year=1858;cut_year=1932	add_boundary_clear_cut_not_flagged	open_no_evidence;generic_title	manual_pair_review_before_any_ready_for_review_promotion
x049_pair_review_0030	x047_pair_000451	work_candidate_source_aap_harper_bury_me_free_land	Bury Me in a Free Land	Frances Ellen Watkins Harper	work_candidate_indig_lit_arctic_dreams	Arctic Dreams and Nightmares	Alootook Ipellie	3.550	4.00	5.550	source_debt_first	pending_duplicate_and_author_cluster_review	pending_path_position_chronology_validation;add_year=1858;cut_year=1993	add_boundary_clear_cut_not_flagged	open_no_evidence;generic_title	manual_pair_review_before_any_ready_for_review_promotion
x049_pair_review_0031	x047_pair_000550	work_candidate_source_loa_gronniosaw_narrative	Narrative of James Albert Ukawsaw Gronniosaw	James Albert Ukawsaw Gronniosaw	work_candidate_bloom_maupassant_selected_stories	Boule de Suif and Selected Stories	Guy de Maupassant	3.400	5.00	5.400	chronology_first	pending_duplicate_and_author_cluster_review	cut_chronology_issue_review_required;add_year=1772;cut_year=1880	add_boundary_clear_cut_not_flagged	open_no_evidence;generic_title;chronology_issues=2	manual_pair_review_before_any_ready_for_review_promotion
x049_pair_review_0032	x047_pair_000618	work_candidate_source_loa_gronniosaw_narrative	Narrative of James Albert Ukawsaw Gronniosaw	James Albert Ukawsaw Gronniosaw	work_candidate_eastasia_lit_han_shan_poems	Cold Mountain Poems	Hanshan	3.400	4.00	5.400	source_debt_first	pending_duplicate_and_author_cluster_review	pending_path_position_chronology_validation;add_year=1772;cut_year=750	add_boundary_clear_cut_not_flagged	open_no_evidence;generic_title	manual_pair_review_before_any_ready_for_review_promotion
x049_pair_review_0033	x047_pair_000656	work_candidate_source_loa_gronniosaw_narrative	Narrative of James Albert Ukawsaw Gronniosaw	James Albert Ukawsaw Gronniosaw	work_candidate_bloom_oconnor_complete_stories	Complete Stories	Flannery O'Connor	3.400	4.00	5.400	source_debt_first	pending_duplicate_and_author_cluster_review	pending_path_position_chronology_validation;add_year=1772;cut_year=1950	add_boundary_clear_cut_not_flagged	open_no_evidence;generic_title	manual_pair_review_before_any_ready_for_review_promotion
x049_pair_review_0034	x047_pair_000620	work_candidate_source_loa_gronniosaw_narrative	Narrative of James Albert Ukawsaw Gronniosaw	James Albert Ukawsaw Gronniosaw	work_candidate_completion_lit_count_lucanor	Count Lucanor	Don Juan Manuel	3.400	4.00	5.400	source_debt_first	pending_duplicate_and_author_cluster_review	pending_path_position_chronology_validation;add_year=1772;cut_year=1335	add_boundary_clear_cut_not_flagged	open_no_evidence;generic_title	manual_pair_review_before_any_ready_for_review_promotion
x049_pair_review_0035	x047_pair_000691	work_candidate_source_loa_gronniosaw_narrative	Narrative of James Albert Ukawsaw Gronniosaw	James Albert Ukawsaw Gronniosaw	work_candidate_eastasia_lit_cursed_bunny	Cursed Bunny	Bora Chung	3.400	4.00	5.400	source_debt_first	pending_duplicate_and_author_cluster_review	pending_path_position_chronology_validation;add_year=1772;cut_year=2017	add_boundary_clear_cut_not_flagged	open_no_evidence;generic_title	manual_pair_review_before_any_ready_for_review_promotion
x049_pair_review_0036	x047_pair_000628	work_candidate_source_loa_gronniosaw_narrative	Narrative of James Albert Ukawsaw Gronniosaw	James Albert Ukawsaw Gronniosaw	work_candidate_wave003_arnold_dover_beach	Dover Beach and Selected Poems	Matthew Arnold	3.400	4.00	5.400	source_debt_first	pending_duplicate_and_author_cluster_review	pending_path_position_chronology_validation;add_year=1772;cut_year=1851	add_boundary_clear_cut_not_flagged	open_no_evidence;generic_title	manual_pair_review_before_any_ready_for_review_promotion
x049_pair_review_0037	x047_pair_000614	work_candidate_source_loa_gronniosaw_narrative	Narrative of James Albert Ukawsaw Gronniosaw	James Albert Ukawsaw Gronniosaw	work_candidate_bloom_martial_epigrams	Epigrams	Martial	3.400	4.00	5.400	source_debt_first	pending_duplicate_and_author_cluster_review	pending_path_position_chronology_validation;add_year=1772;cut_year=50	add_boundary_clear_cut_not_flagged	open_no_evidence;generic_title	manual_pair_review_before_any_ready_for_review_promotion
x049_pair_review_0038	x047_pair_000624	work_candidate_source_loa_gronniosaw_narrative	Narrative of James Albert Ukawsaw Gronniosaw	James Albert Ukawsaw Gronniosaw	work_candidate_bloom_cervantes_exemplary_stories	Exemplary Stories	Miguel de Cervantes	3.400	4.00	5.400	source_debt_first	pending_duplicate_and_author_cluster_review	pending_path_position_chronology_validation;add_year=1772;cut_year=1613	add_boundary_clear_cut_not_flagged	open_no_evidence;generic_title	manual_pair_review_before_any_ready_for_review_promotion
x049_pair_review_0039	x047_pair_000644	work_candidate_source_loa_gronniosaw_narrative	Narrative of James Albert Ukawsaw Gronniosaw	James Albert Ukawsaw Gronniosaw	work_candidate_bloom_late_033_literature_bloom_chaotic_age_reviewed_0938_exile_and_other_poems	Exile and Other Poems	Saint-John Perse	3.400	4.00	5.400	source_debt_first	pending_duplicate_and_author_cluster_review	pending_path_position_chronology_validation;add_year=1772;cut_year=1910	add_boundary_clear_cut_not_flagged	open_no_evidence;generic_title	manual_pair_review_before_any_ready_for_review_promotion
x049_pair_review_0040	x047_pair_000668	work_candidate_source_loa_gronniosaw_narrative	Narrative of James Albert Ukawsaw Gronniosaw	James Albert Ukawsaw Gronniosaw	work_candidate_indig_lit_flying_fox	Flying Fox in a Freedom Tree	Albert Wendt	3.400	4.00	5.400	source_debt_first	pending_duplicate_and_author_cluster_review	pending_path_position_chronology_validation;add_year=1772;cut_year=1974	add_boundary_clear_cut_not_flagged	open_no_evidence;generic_title	manual_pair_review_before_any_ready_for_review_promotion
x049_pair_review_0041	x047_pair_000657	work_candidate_source_loa_gronniosaw_narrative	Narrative of James Albert Ukawsaw Gronniosaw	James Albert Ukawsaw Gronniosaw	work_candidate_completion_lit_gimpel_fool	Gimpel the Fool and Other Stories	Isaac Bashevis Singer	3.400	4.00	5.400	source_debt_first	pending_duplicate_and_author_cluster_review	pending_path_position_chronology_validation;add_year=1772;cut_year=1950	add_boundary_clear_cut_not_flagged	open_no_evidence;generic_title	manual_pair_review_before_any_ready_for_review_promotion
x049_pair_review_0042	x047_pair_000635	work_candidate_source_loa_gronniosaw_narrative	Narrative of James Albert Ukawsaw Gronniosaw	James Albert Ukawsaw Gronniosaw	work_candidate_bloom_late_033_literature_bloom_chaotic_age_reviewed_0827_gogol_s_wife_and_other_stories	Gogol's Wife and Other Stories	Tommaso Landolfi	3.400	4.00	5.400	source_debt_first	pending_duplicate_and_author_cluster_review	pending_path_position_chronology_validation;add_year=1772;cut_year=1901	add_boundary_clear_cut_not_flagged	open_no_evidence;generic_title	manual_pair_review_before_any_ready_for_review_promotion
x049_pair_review_0043	x047_pair_000689	work_candidate_source_loa_gronniosaw_narrative	Narrative of James Albert Ukawsaw Gronniosaw	James Albert Ukawsaw Gronniosaw	work_candidate_indig_lit_heat_light	Heat and Light	Ellen van Neerven	3.400	4.00	5.400	source_debt_first	pending_duplicate_and_author_cluster_review	pending_path_position_chronology_validation;add_year=1772;cut_year=2014	add_boundary_clear_cut_not_flagged	open_no_evidence;generic_title	manual_pair_review_before_any_ready_for_review_promotion
x049_pair_review_0044	x047_pair_000692	work_candidate_source_loa_gronniosaw_narrative	Narrative of James Albert Ukawsaw Gronniosaw	James Albert Ukawsaw Gronniosaw	work_candidate_globalcon_lit_her_body	Her Body and Other Parties	Carmen Maria Machado	3.400	4.00	5.400	source_debt_first	pending_duplicate_and_author_cluster_review	pending_path_position_chronology_validation;add_year=1772;cut_year=2017	add_boundary_clear_cut_not_flagged	open_no_evidence;generic_title	manual_pair_review_before_any_ready_for_review_promotion
x049_pair_review_0045	x047_pair_000612	work_candidate_source_loa_gronniosaw_narrative	Narrative of James Albert Ukawsaw Gronniosaw	James Albert Ukawsaw Gronniosaw	work_candidate_bloom_reviewed_callimachus_hymns	Hymns and Epigrams	Callimachus	3.400	4.00	5.400	source_debt_first	pending_duplicate_and_author_cluster_review	pending_path_position_chronology_validation;add_year=1772;cut_year=-250	add_boundary_clear_cut_not_flagged	open_no_evidence;generic_title	manual_pair_review_before_any_ready_for_review_promotion
x049_pair_review_0046	x047_pair_000869	work_candidate_source_loa_nat_turner_confessions	The Confessions of Nat Turner	Nat Turner	work_candidate_bloom_late_033_literature_bloom_chaotic_age_reviewed_0857_a_longing_for_the_light_selected_poems	A Longing for the Light: Selected Poems	Vicente Aleixandre	3.400	4.00	5.400	source_debt_first	pending_duplicate_and_author_cluster_review	pending_path_position_chronology_validation;add_year=1831;cut_year=1904	add_boundary_clear_cut_not_flagged	open_no_evidence;generic_title	manual_pair_review_before_any_ready_for_review_promotion
x049_pair_review_0047	x047_pair_000879	work_candidate_source_loa_nat_turner_confessions	The Confessions of Nat Turner	Nat Turner	work_candidate_southasia_lit_angarey	Angarey	Sajjad Zaheer, Rashid Jahan, Ahmed Ali, and Mahmuduzzafar	3.400	4.00	5.400	source_debt_first	pending_duplicate_and_author_cluster_review	pending_path_position_chronology_validation;add_year=1831;cut_year=1932	add_boundary_clear_cut_not_flagged	open_no_evidence;generic_title	manual_pair_review_before_any_ready_for_review_promotion
x049_pair_review_0048	x047_pair_000913	work_candidate_source_loa_nat_turner_confessions	The Confessions of Nat Turner	Nat Turner	work_candidate_indig_lit_arctic_dreams	Arctic Dreams and Nightmares	Alootook Ipellie	3.400	4.00	5.400	source_debt_first	pending_duplicate_and_author_cluster_review	pending_path_position_chronology_validation;add_year=1831;cut_year=1993	add_boundary_clear_cut_not_flagged	open_no_evidence;generic_title	manual_pair_review_before_any_ready_for_review_promotion
x049_pair_review_0049	x047_pair_000781	work_candidate_source_loa_nat_turner_confessions	The Confessions of Nat Turner	Nat Turner	work_candidate_bloom_maupassant_selected_stories	Boule de Suif and Selected Stories	Guy de Maupassant	3.400	5.00	5.400	chronology_first	pending_duplicate_and_author_cluster_review	cut_chronology_issue_review_required;add_year=1831;cut_year=1880	add_boundary_clear_cut_not_flagged	open_no_evidence;generic_title;chronology_issues=2	manual_pair_review_before_any_ready_for_review_promotion
x049_pair_review_0050	x047_pair_000849	work_candidate_source_loa_nat_turner_confessions	The Confessions of Nat Turner	Nat Turner	work_candidate_eastasia_lit_han_shan_poems	Cold Mountain Poems	Hanshan	3.400	4.00	5.400	source_debt_first	pending_duplicate_and_author_cluster_review	pending_path_position_chronology_validation;add_year=1831;cut_year=750	add_boundary_clear_cut_not_flagged	open_no_evidence;generic_title	manual_pair_review_before_any_ready_for_review_promotion
x049_pair_review_0051	x047_pair_000887	work_candidate_source_loa_nat_turner_confessions	The Confessions of Nat Turner	Nat Turner	work_candidate_bloom_oconnor_complete_stories	Complete Stories	Flannery O'Connor	3.400	4.00	5.400	source_debt_first	pending_duplicate_and_author_cluster_review	pending_path_position_chronology_validation;add_year=1831;cut_year=1950	add_boundary_clear_cut_not_flagged	open_no_evidence;generic_title	manual_pair_review_before_any_ready_for_review_promotion
x049_pair_review_0052	x047_pair_000851	work_candidate_source_loa_nat_turner_confessions	The Confessions of Nat Turner	Nat Turner	work_candidate_completion_lit_count_lucanor	Count Lucanor	Don Juan Manuel	3.400	4.00	5.400	source_debt_first	pending_duplicate_and_author_cluster_review	pending_path_position_chronology_validation;add_year=1831;cut_year=1335	add_boundary_clear_cut_not_flagged	open_no_evidence;generic_title	manual_pair_review_before_any_ready_for_review_promotion
x049_pair_review_0053	x047_pair_000922	work_candidate_source_loa_nat_turner_confessions	The Confessions of Nat Turner	Nat Turner	work_candidate_eastasia_lit_cursed_bunny	Cursed Bunny	Bora Chung	3.400	4.00	5.400	source_debt_first	pending_duplicate_and_author_cluster_review	pending_path_position_chronology_validation;add_year=1831;cut_year=2017	add_boundary_clear_cut_not_flagged	open_no_evidence;generic_title	manual_pair_review_before_any_ready_for_review_promotion
x049_pair_review_0054	x047_pair_000859	work_candidate_source_loa_nat_turner_confessions	The Confessions of Nat Turner	Nat Turner	work_candidate_wave003_arnold_dover_beach	Dover Beach and Selected Poems	Matthew Arnold	3.400	4.00	5.400	source_debt_first	pending_duplicate_and_author_cluster_review	pending_path_position_chronology_validation;add_year=1831;cut_year=1851	add_boundary_clear_cut_not_flagged	open_no_evidence;generic_title	manual_pair_review_before_any_ready_for_review_promotion
x049_pair_review_0055	x047_pair_000845	work_candidate_source_loa_nat_turner_confessions	The Confessions of Nat Turner	Nat Turner	work_candidate_bloom_martial_epigrams	Epigrams	Martial	3.400	4.00	5.400	source_debt_first	pending_duplicate_and_author_cluster_review	pending_path_position_chronology_validation;add_year=1831;cut_year=50	add_boundary_clear_cut_not_flagged	open_no_evidence;generic_title	manual_pair_review_before_any_ready_for_review_promotion
x049_pair_review_0056	x047_pair_000855	work_candidate_source_loa_nat_turner_confessions	The Confessions of Nat Turner	Nat Turner	work_candidate_bloom_cervantes_exemplary_stories	Exemplary Stories	Miguel de Cervantes	3.400	4.00	5.400	source_debt_first	pending_duplicate_and_author_cluster_review	pending_path_position_chronology_validation;add_year=1831;cut_year=1613	add_boundary_clear_cut_not_flagged	open_no_evidence;generic_title	manual_pair_review_before_any_ready_for_review_promotion
x049_pair_review_0057	x047_pair_000875	work_candidate_source_loa_nat_turner_confessions	The Confessions of Nat Turner	Nat Turner	work_candidate_bloom_late_033_literature_bloom_chaotic_age_reviewed_0938_exile_and_other_poems	Exile and Other Poems	Saint-John Perse	3.400	4.00	5.400	source_debt_first	pending_duplicate_and_author_cluster_review	pending_path_position_chronology_validation;add_year=1831;cut_year=1910	add_boundary_clear_cut_not_flagged	open_no_evidence;generic_title	manual_pair_review_before_any_ready_for_review_promotion
x049_pair_review_0058	x047_pair_000899	work_candidate_source_loa_nat_turner_confessions	The Confessions of Nat Turner	Nat Turner	work_candidate_indig_lit_flying_fox	Flying Fox in a Freedom Tree	Albert Wendt	3.400	4.00	5.400	source_debt_first	pending_duplicate_and_author_cluster_review	pending_path_position_chronology_validation;add_year=1831;cut_year=1974	add_boundary_clear_cut_not_flagged	open_no_evidence;generic_title	manual_pair_review_before_any_ready_for_review_promotion
x049_pair_review_0059	x047_pair_000888	work_candidate_source_loa_nat_turner_confessions	The Confessions of Nat Turner	Nat Turner	work_candidate_completion_lit_gimpel_fool	Gimpel the Fool and Other Stories	Isaac Bashevis Singer	3.400	4.00	5.400	source_debt_first	pending_duplicate_and_author_cluster_review	pending_path_position_chronology_validation;add_year=1831;cut_year=1950	add_boundary_clear_cut_not_flagged	open_no_evidence;generic_title	manual_pair_review_before_any_ready_for_review_promotion
x049_pair_review_0060	x047_pair_000866	work_candidate_source_loa_nat_turner_confessions	The Confessions of Nat Turner	Nat Turner	work_candidate_bloom_late_033_literature_bloom_chaotic_age_reviewed_0827_gogol_s_wife_and_other_stories	Gogol's Wife and Other Stories	Tommaso Landolfi	3.400	4.00	5.400	source_debt_first	pending_duplicate_and_author_cluster_review	pending_path_position_chronology_validation;add_year=1831;cut_year=1901	add_boundary_clear_cut_not_flagged	open_no_evidence;generic_title	manual_pair_review_before_any_ready_for_review_promotion
x049_pair_review_0061	x047_pair_001025	work_candidate_source_broadview_hrotsvitha_abraham	Abraham	Hrotsvitha of Gandersheim	work_candidate_latcarib_lit_silvina_ocampo_stories	Selected Stories	Silvina Ocampo	2.900	4.70	5.250	generic_duplicate_cluster_first	cut_generic_duplicate_cluster_review_required	pending_path_position_chronology_validation;add_year=965;cut_year=1950	add_boundary_clear_cut_not_flagged	open_no_evidence;generic_title;duplicate_cluster=selected stories(7)	manual_pair_review_before_any_ready_for_review_promotion
x049_pair_review_0062	x047_pair_001027	work_candidate_source_broadview_hrotsvitha_abraham	Abraham	Hrotsvitha of Gandersheim	work_candidate_southasia_lit_pudhumaipithan_stories	Selected Stories	Pudhumaipithan	2.900	4.70	5.250	generic_duplicate_cluster_first	cut_generic_duplicate_cluster_review_required	pending_path_position_chronology_validation;add_year=965;cut_year=1950	add_boundary_clear_cut_not_flagged	open_no_evidence;generic_title;duplicate_cluster=selected stories(7)	manual_pair_review_before_any_ready_for_review_promotion
x049_pair_review_0063	x047_pair_001026	work_candidate_source_broadview_hrotsvitha_abraham	Abraham	Hrotsvitha of Gandersheim	work_candidate_bloom_reviewed_welty_stories	Selected Stories	Eudora Welty	2.900	4.70	5.250	generic_duplicate_cluster_first	cut_generic_duplicate_cluster_review_required	pending_path_position_chronology_validation;add_year=965;cut_year=1950	add_boundary_clear_cut_not_flagged	open_no_evidence;generic_title;duplicate_cluster=selected stories(7)	manual_pair_review_before_any_ready_for_review_promotion
x049_pair_review_0064	x047_pair_001024	work_candidate_source_broadview_hrotsvitha_abraham	Abraham	Hrotsvitha of Gandersheim	work_candidate_global_lit_manto_selected_stories	Selected Stories	Saadat Hasan Manto	2.900	4.70	5.250	generic_duplicate_cluster_first	cut_generic_duplicate_cluster_review_required	pending_path_position_chronology_validation;add_year=965;cut_year=1950	add_boundary_clear_cut_not_flagged	open_no_evidence;generic_title;duplicate_cluster=selected stories(7)	manual_pair_review_before_any_ready_for_review_promotion
x049_pair_review_0065	x047_pair_001023	work_candidate_source_broadview_hrotsvitha_abraham	Abraham	Hrotsvitha of Gandersheim	work_candidate_completion_lit_peretz_stories	Selected Stories	I. L. Peretz	2.900	4.70	5.250	generic_duplicate_cluster_first	cut_generic_duplicate_cluster_review_required	pending_path_position_chronology_validation;add_year=965;cut_year=1950	add_boundary_clear_cut_not_flagged	open_no_evidence;generic_title;duplicate_cluster=selected stories(7)	manual_pair_review_before_any_ready_for_review_promotion
x049_pair_review_0066	x047_pair_001030	work_candidate_source_broadview_hrotsvitha_abraham	Abraham	Hrotsvitha of Gandersheim	work_candidate_bloom_marvell_poems	Poems	Andrew Marvell	2.900	4.60	5.200	generic_duplicate_cluster_first	cut_generic_duplicate_cluster_review_required	pending_path_position_chronology_validation;add_year=965;cut_year=1650	add_boundary_clear_cut_not_flagged	open_no_evidence;generic_title;duplicate_cluster=poems(6)	manual_pair_review_before_any_ready_for_review_promotion
x049_pair_review_0067	x047_pair_001029	work_candidate_source_broadview_hrotsvitha_abraham	Abraham	Hrotsvitha of Gandersheim	work_candidate_bloom_gap_031_0015_poems	Poems	Alcman	2.900	4.60	5.200	generic_duplicate_cluster_first	cut_generic_duplicate_cluster_review_required	pending_path_position_chronology_validation;add_year=965;cut_year=-525	add_boundary_clear_cut_not_flagged	open_no_evidence;generic_title;duplicate_cluster=poems(6)	manual_pair_review_before_any_ready_for_review_promotion
x049_pair_review_0068	x047_pair_001064	work_candidate_source_broadview_hrotsvitha_abraham	Abraham	Hrotsvitha of Gandersheim	work_candidate_eastasia_lit_buson_haiku	Selected Haiku	Yosa Buson	2.900	4.40	5.100	generic_duplicate_cluster_first	cut_generic_duplicate_cluster_review_required	pending_path_position_chronology_validation;add_year=965;cut_year=1750	add_boundary_clear_cut_not_flagged	open_no_evidence;generic_title;duplicate_cluster=selected haiku(4)	manual_pair_review_before_any_ready_for_review_promotion
x049_pair_review_0069	x047_pair_001066	work_candidate_source_broadview_hrotsvitha_abraham	Abraham	Hrotsvitha of Gandersheim	work_candidate_eastasia_lit_shiki_haiku	Selected Haiku	Masaoka Shiki	2.900	4.40	5.100	generic_duplicate_cluster_first	cut_generic_duplicate_cluster_review_required	pending_path_position_chronology_validation;add_year=965;cut_year=1850	add_boundary_clear_cut_not_flagged	open_no_evidence;generic_title;duplicate_cluster=selected haiku(4)	manual_pair_review_before_any_ready_for_review_promotion
x049_pair_review_0070	x047_pair_001065	work_candidate_source_broadview_hrotsvitha_abraham	Abraham	Hrotsvitha of Gandersheim	work_candidate_eastasia_lit_issa_haiku	Selected Haiku	Kobayashi Issa	2.900	4.40	5.100	generic_duplicate_cluster_first	cut_generic_duplicate_cluster_review_required	pending_path_position_chronology_validation;add_year=965;cut_year=1850	add_boundary_clear_cut_not_flagged	open_no_evidence;generic_title;duplicate_cluster=selected haiku(4)	manual_pair_review_before_any_ready_for_review_promotion
x049_pair_review_0071	x047_pair_001070	work_candidate_source_broadview_hrotsvitha_abraham	Abraham	Hrotsvitha of Gandersheim	work_candidate_bloom_late_032_literature_bloom_democratic_age_reviewed_0364_odes	"""Odes"""	Ugo Foscolo	2.900	4.30	5.050	generic_duplicate_cluster_first	cut_generic_duplicate_cluster_review_required	pending_path_position_chronology_validation;add_year=965;cut_year=1800	add_boundary_clear_cut_not_flagged	open_no_evidence;generic_title;duplicate_cluster=odes(3)	manual_pair_review_before_any_ready_for_review_promotion
x049_pair_review_0072	x047_pair_001067	work_candidate_source_broadview_hrotsvitha_abraham	Abraham	Hrotsvitha of Gandersheim	work_candidate_bloom_pindar_odes	Odes	Pindar	2.900	4.30	5.050	generic_duplicate_cluster_first	cut_generic_duplicate_cluster_review_required	pending_path_position_chronology_validation;add_year=965;cut_year=-450	add_boundary_clear_cut_not_flagged	open_no_evidence;generic_title;duplicate_cluster=odes(3)	manual_pair_review_before_any_ready_for_review_promotion
x049_pair_review_0073	x047_pair_001069	work_candidate_source_broadview_hrotsvitha_abraham	Abraham	Hrotsvitha of Gandersheim	work_candidate_mandatory_saib_tabrizi_ghazals	Selected Ghazals	Saib Tabrizi	2.900	4.30	5.050	generic_duplicate_cluster_first	cut_generic_duplicate_cluster_review_required	pending_path_position_chronology_validation;add_year=965;cut_year=1650	add_boundary_clear_cut_not_flagged	open_no_evidence;generic_title;duplicate_cluster=selected ghazals(3)	manual_pair_review_before_any_ready_for_review_promotion
x049_pair_review_0074	x047_pair_001068	work_candidate_source_broadview_hrotsvitha_abraham	Abraham	Hrotsvitha of Gandersheim	work_candidate_me_lit_navai_ghazals	Selected Ghazals	Ali-Shir Nava'i	2.900	4.30	5.050	generic_duplicate_cluster_first	cut_generic_duplicate_cluster_review_required	pending_path_position_chronology_validation;add_year=965;cut_year=1450	add_boundary_clear_cut_not_flagged	open_no_evidence;generic_title;duplicate_cluster=selected ghazals(3)	manual_pair_review_before_any_ready_for_review_promotion
x049_pair_review_0075	x047_pair_001071	work_candidate_source_broadview_hrotsvitha_abraham	Abraham	Hrotsvitha of Gandersheim	work_candidate_eastasia_lit_xin_qiji_ci	Selected Ci Poems	Xin Qiji	2.900	4.20	5.000	generic_duplicate_cluster_first	cut_generic_duplicate_cluster_review_required	pending_path_position_chronology_validation;add_year=965;cut_year=1150	add_boundary_clear_cut_not_flagged	open_no_evidence;generic_title;duplicate_cluster=selected ci poems(2)	manual_pair_review_before_any_ready_for_review_promotion
