source_item_id	source_id	raw_title	raw_creator	candidate_work_id	candidate_title	candidate_creator	match_rule	title_match	creator_match	confidence	recommendation	notes
arlima_chretien_perceval	arlima_medieval_literature	Perceval ou le Conte du Graal	Chretien de Troyes	work_candidate_mandatory_perceval_grail	Perceval, the Story of the Grail	Chretien de Troyes	preexisting_matched_current_path	preexisting	yes	0.99	accepted_existing_match	Existing source_items.matched_work_id retained.
arlima_queste_saint_graal	arlima_medieval_literature	La queste del Saint Graal	Old French Vulgate prose tradition	work_candidate_scale_lit_quest_holy_grail	The Quest of the Holy Grail	Old French Arthurian prose tradition	preexisting_matched_current_path	preexisting	no	0.96	accepted_existing_match	Existing source_items.matched_work_id retained.
e015_brians2003_002_raja_rao_kanthapura	brians_modern_south_asian_lit_english_2003	Kanthapura	Raja Rao	work_candidate_completion_lit_kanthapura	Kanthapura	Raja Rao	preexisting_matched_current_path	preexisting	yes	0.97	accepted_existing_match	Existing source_items.matched_work_id retained.
e015_brians2003_003_khushwant_singh_train_to_pakistan	brians_modern_south_asian_lit_english_2003	Train to Pakistan	Khushwant Singh	work_candidate_global_lit_train_to_pakistan	Train to Pakistan	Khushwant Singh	preexisting_matched_current_path	preexisting	yes	0.98	accepted_existing_match	Existing source_items.matched_work_id retained.
e015_brians2003_004_r_k_narayan_the_guide	brians_modern_south_asian_lit_english_2003	The Guide	R. K. Narayan	work_candidate_completion_lit_guide_narayan	The Guide	R. K. Narayan	preexisting_matched_current_path	preexisting	yes	0.98	accepted_existing_match	Existing source_items.matched_work_id retained.
e015_brians2003_007_bapsi_sidhwa_cracking_india	brians_modern_south_asian_lit_english_2003	Cracking India	Bapsi Sidhwa	work_candidate_completion_lit_ice_candy_man	Ice-Candy-Man	Bapsi Sidhwa	preexisting_matched_current_path	preexisting	yes	0.95	accepted_existing_match	Existing source_items.matched_work_id retained.
e015_brians2003_010_shyam_selvadurai_funny_boy	brians_modern_south_asian_lit_english_2003	Funny Boy	Shyam Selvadurai	work_candidate_southasia_lit_funny_boy	Funny Boy	Shyam Selvadurai	preexisting_matched_current_path	preexisting	yes	0.98	accepted_existing_match	Existing source_items.matched_work_id retained.
e015_brians2003_011_rohinton_mistry_a_fine_balance	brians_modern_south_asian_lit_english_2003	A Fine Balance	Rohinton Mistry	work_candidate_global_lit_fine_balance	A Fine Balance	Rohinton Mistry	preexisting_matched_current_path	preexisting	yes	0.98	accepted_existing_match	Existing source_items.matched_work_id retained.
e015_brians2003_012_arundhati_roy_the_god_of_small_things	brians_modern_south_asian_lit_english_2003	The God of Small Things	Arundhati Roy	work_candidate_god_of_small_things	The God of Small Things	Arundhati Roy	preexisting_matched_current_path	preexisting	yes	0.99	accepted_existing_match	Existing source_items.matched_work_id retained.
e015_brians2003_013_michael_ondaatje_anil_s_ghost	brians_modern_south_asian_lit_english_2003	Anil's Ghost	Michael Ondaatje	work_candidate_globalcon_lit_anils_ghost	Anil's Ghost	Michael Ondaatje	preexisting_matched_current_path	preexisting	yes	0.98	accepted_existing_match	Existing source_items.matched_work_id retained.
e015_brians2003_014_jhumpa_lahiri_interpreter_of_maladies	brians_modern_south_asian_lit_english_2003	Interpreter of Maladies	Jhumpa Lahiri	work_candidate_global_lit_interpreter_maladies	Interpreter of Maladies	Jhumpa Lahiri	preexisting_matched_current_path	preexisting	yes	0.98	accepted_existing_match	Existing source_items.matched_work_id retained.
broadview_medieval_r3_exeter_wanderer	broadview_brit_lit_medieval_r3_2023	The Wanderer	""	work_candidate_mandatory_old_english_elegies	Old English Elegies: Selected Poems	Old English poetic tradition	preexisting_represented_by_selection	preexisting	unknown	0.90	accepted_existing_match	Existing source_items.matched_work_id retained.
broadview_medieval_drama_hrosvitha_abraham	broadview_medieval_drama_2012	Abraham	Hrotsvitha of Gandersheim	work_candidate_source_broadview_hrotsvitha_abraham	Abraham	Hrotsvitha of Gandersheim	preexisting_matched_candidate	preexisting	yes	0.95	accepted_existing_match	Existing source_items.matched_work_id retained.
e015_clay_019_sudraka_the_little_clay_cart	clay_sanskrit_library_56vol	The Little Clay Cart	Sudraka	work_candidate_mricchakatika_sanskrit_theater	Mricchakatika	Sudraka	exact_alias	exact	yes	0.94	candidate_auto_match_after_review	Generated by exact normalized title/alias matching.
e015_clay_051_kalidasa_the_recognition_of_shakuntala	clay_sanskrit_library_56vol	The Recognition of Shakuntala	Kalidasa	work_canon_recognition_of_shakuntala	Kalidasa: The Recognition of Shakuntala	Kalidasa	exact_alias	exact	yes	0.94	candidate_auto_match_after_review	Generated by exact normalized title/alias matching.
columbia_lithum_current_2026_fall_003	columbia_lithum_current_2026	Genesis	Hebrew Bible / Tanakh narrative tradition	work_candidate_me_lit_genesis	Genesis	Hebrew Bible / Tanakh narrative tradition	preexisting_represented_by_selection	preexisting	yes	0.90	accepted_existing_match	Existing source_items.matched_work_id retained.
columbia_lithum_current_2026_fall_004	columbia_lithum_current_2026	Iliad	Homer	work_canon_iliad	Iliad	Homeric epic tradition	preexisting_matched_current_path	preexisting	yes	1.00	accepted_existing_match	Existing source_items.matched_work_id retained.
columbia_lithum_hist_aeschylus_oresteia	columbia_lithum_historical_1937_present	Aeschylus ORESTEIA	Aeschylus	work_canon_oresteia	Oresteia	Aeschylus	preexisting_matched_current_path	preexisting	yes	1.00	accepted_existing_match	Existing source_items.matched_work_id retained.
e016_cmcl2e_2007_001_lu_xun_preface_to_the_first_collection_of_short_stories_call_to_	columbia_modern_chinese_lit_2e_2007	Preface to the First Collection of Short Stories, Call to Arms	Lu Xun	work_candidate_global_lit_call_to_arms_lu_xun	Call to Arms	Lu Xun	preexisting_represented_by_selection	preexisting	yes	0.90	accepted_existing_match	Existing source_items.matched_work_id retained.
e016_cmcl2e_2007_002_lu_xun_a_madman_s_diary	columbia_modern_chinese_lit_2e_2007	A Madman's Diary	Lu Xun	work_candidate_global_lit_call_to_arms_lu_xun	Call to Arms	Lu Xun	preexisting_represented_by_selection	preexisting	yes	0.92	accepted_existing_match	Existing source_items.matched_work_id retained.
e016_cmcl2e_2007_012_lu_xun_excerpts_from_wild_grass	columbia_modern_chinese_lit_2e_2007	Excerpts from Wild Grass	Lu Xun	work_candidate_eastasia_lit_wild_grass	Wild Grass	Lu Xun	preexisting_represented_by_selection	preexisting	yes	0.95	accepted_existing_match	Existing source_items.matched_work_id retained.
e016_ctcl1996_001_anonymous_confucian_analects_book_2	columbia_traditional_chinese_lit_1996	Confucian Analects, Book 2	Anonymous	work_canon_analects	Analects	Confucius and early Confucian tradition	preexisting_represented_by_selection	preexisting	unknown	0.95	accepted_existing_match	Existing source_items.matched_work_id retained.
e016_ctcl1996_002_meng_ko_fish_and_bear_s_paws_bull_mountain	columbia_traditional_chinese_lit_1996	Fish and Bear's Paws; Bull Mountain	Meng Ko	work_candidate_mandatory_mencius	Mencius	Confucian textual tradition	preexisting_represented_by_selection	preexisting	no	0.93	accepted_existing_match	Existing source_items.matched_work_id retained.
e016_ctcl1996_003_chuang_chou_chuang_tzu_chapter_17_and_other_passages	columbia_traditional_chinese_lit_1996	Chuang Tzu, Chapter 17 and other passages	Chuang Chou	work_canon_zhuangzi	Zhuangzi	Zhuangzi and Daoist textual tradition	preexisting_represented_by_selection	preexisting	no	0.95	accepted_existing_match	Existing source_items.matched_work_id retained.
e016_ctcl1996_004_lao_tzu_the_classic_book_of_integrity_and_the_way_tao_te_ching	columbia_traditional_chinese_lit_1996	The Classic Book of Integrity and the Way: Tao te ching	Lao Tzu	work_canon_dao_de_jing	Dao De Jing	Daoist textual tradition	preexisting_represented_by_selection	preexisting	no	0.95	accepted_existing_match	Existing source_items.matched_work_id retained.
e016_ctcl1996_005_kumarajiva_translator_from_lotus_sutra_chapter_3_parable	columbia_traditional_chinese_lit_1996	From Lotus Sutra, Chapter 3: Parable	Kumarajiva (translator)	work_candidate_lotus_sutra	Lotus Sutra	Mahayana Buddhist textual tradition	preexisting_represented_by_selection	preexisting	no	0.90	accepted_existing_match	Existing source_items.matched_work_id retained.
e016_ctcl1996_006_anonymous_from_classic_of_odes	columbia_traditional_chinese_lit_1996	From Classic of Odes	Anonymous	work_candidate_book_of_songs	Book of Songs / Shijing	Classical Chinese poetic tradition	preexisting_represented_by_selection	preexisting	unknown	0.90	accepted_existing_match	Existing source_items.matched_work_id retained.
e016_ctcl1996_007_ch_u_yuan_heavenly_questions	columbia_traditional_chinese_lit_1996	Heavenly Questions	Ch'u Yuan	work_candidate_chu_ci	Li Sao / Encountering Sorrow and Songs of Chu	Qu Yuan and the Classical Chinese poetic tradition	preexisting_represented_by_selection	preexisting	no	0.85	accepted_existing_match	Existing source_items.matched_work_id retained.
e016_ctcl1996_008_t_ao_ch_ien_the_peach_blossom_spring	columbia_traditional_chinese_lit_1996	The Peach Blossom Spring	T'ao Ch'ien	work_candidate_peach_blossom_spring	Peach Blossom Spring	Tao Yuanming	preexisting_matched_current_path	preexisting	no	0.98	accepted_existing_match	Existing source_items.matched_work_id retained.
e016_ctcl1996_009_kan_pao_preface_to_and_tales_from_search_for_the_supernatural	columbia_traditional_chinese_lit_1996	Preface to and tales from Search for the Supernatural	Kan Pao	work_candidate_soushen_ji	In Search of the Supernatural / Soushen Ji	Gan Bao; Chinese anomaly-tale tradition	preexisting_represented_by_selection	preexisting	no	0.95	accepted_existing_match	Existing source_items.matched_work_id retained.
e016_ctcl1996_010_p_u_sung_ling_strange_tales_from_make_do_studio	columbia_traditional_chinese_lit_1996	Strange Tales from Make-Do Studio	P'u Sung-ling	work_candidate_strange_tales_liaozhai	Strange Tales from a Chinese Studio	Pu Songling	preexisting_represented_by_selection	preexisting	no	0.86	accepted_existing_match	Existing source_items.matched_work_id retained.
e016_ctcl1996_011_yuan_chen_the_story_of_ying_ying	columbia_traditional_chinese_lit_1996	The Story of Ying-ying	Yuan Chen	work_candidate_scale_lit_yingying_biography	The Story of Yingying	Yuan Zhen	preexisting_matched_current_path	preexisting	no	0.98	accepted_existing_match	Existing source_items.matched_work_id retained.
e016_ctcl1996_012_anonymous_romance_of_the_three_kingdoms_chapters_45_and_46	columbia_traditional_chinese_lit_1996	Romance of the Three Kingdoms, chapters 45 and 46	Anonymous	work_candidate_romance_three_kingdoms	Romance of the Three Kingdoms	Luo Guanzhong; Chinese historical fiction tradition	preexisting_represented_by_selection	preexisting	unknown	0.84	accepted_existing_match	Existing source_items.matched_work_id retained.
e016_ctcl1996_013_wu_ch_eng_en_the_journey_to_the_west_chapter_7	columbia_traditional_chinese_lit_1996	The Journey to the West, chapter 7	Wu Ch'eng-en	work_candidate_journey_to_the_west	Journey to the West	Wu Cheng'en attribution; Chinese vernacular mythic tradition	preexisting_represented_by_selection	preexisting	no	0.96	accepted_existing_match	Existing source_items.matched_work_id retained.
e016_ctcl1996_014_anonymous_gold_vase_plum_chapter_12	columbia_traditional_chinese_lit_1996	Gold Vase Plum, chapter 12	Anonymous	work_candidate_jin_ping_mei	Jin Ping Mei / The Plum in the Golden Vase	Lanling Xiaoxiao Sheng	preexisting_represented_by_selection	preexisting	unknown	0.88	accepted_existing_match	Existing source_items.matched_work_id retained.
e016_ctcl1996_015_anonymous_with_commentary_by_chin_sheng_t_an_wu_sung_fights_the_	columbia_traditional_chinese_lit_1996	Wu Sung fights the tiger, from Water Margin	Anonymous, with commentary by Chin Sheng-t'an	work_candidate_water_margin	Water Margin	Shi Nai'an; Chinese vernacular fiction tradition	preexisting_represented_by_selection	preexisting	no	0.88	accepted_existing_match	Existing source_items.matched_work_id retained.
e016_ctcl1996_016_wu_ching_tzu_the_scholars_chapter_3	columbia_traditional_chinese_lit_1996	The Scholars, chapter 3	Wu Ching-tzu	work_candidate_scholars_wu_jingzi	The Scholars	Wu Jingzi	preexisting_represented_by_selection	preexisting	no	0.96	accepted_existing_match	Existing source_items.matched_work_id retained.
e016_ctcl1996_017_ts_ao_hsueh_ch_in_from_dream_of_red_towers_a_burial_mound_for_fl	columbia_traditional_chinese_lit_1996	From Dream of Red Towers: A Burial Mound for Flowers; One Smear Wang	Ts'ao Hsueh-ch'in	work_canon_dream_of_the_red_chamber	Dream of the Red Chamber	Cao Xueqin | Gao E	preexisting_represented_by_selection	preexisting	no	0.92	accepted_existing_match	Existing source_items.matched_work_id retained.
e016_ctcl1996_018_tung_chieh_yuan_master_tung_s_western_chamber_romance_chapter_2	columbia_traditional_chinese_lit_1996	Master Tung's Western Chamber Romance, chapter 2	Tung Chieh-yuan	work_candidate_romance_western_chamber	Romance of the Western Chamber	Wang Shifu	preexisting_represented_by_selection	preexisting	no	0.82	accepted_existing_match	Existing source_items.matched_work_id retained.
e016_ctcl1996_019_kuan_han_ch_ing_injustice_to_tou_o_act_3	columbia_traditional_chinese_lit_1996	Injustice to Tou O, act 3	Kuan Han-ch'ing	work_candidate_global_lit_injustice_dou_e	The Injustice to Dou E	Guan Hanqing	preexisting_represented_by_selection	preexisting	no	0.94	accepted_existing_match	Existing source_items.matched_work_id retained.
e016_ctcl1996_020_t_ang_hsien_tsu_the_peony_pavilion_scene_7	columbia_traditional_chinese_lit_1996	The Peony Pavilion, scene 7	T'ang Hsien-tsu	work_candidate_peony_pavilion	The Peony Pavilion	Tang Xianzu	preexisting_represented_by_selection	preexisting	no	0.96	accepted_existing_match	Existing source_items.matched_work_id retained.
e016_ctcl1996_021_k_ung_shang_jen_the_peach_blossom_fan	columbia_traditional_chinese_lit_1996	The Peach Blossom Fan	K'ung Shang-jen	work_candidate_global_lit_peach_blossom_fan	The Peach Blossom Fan	Kong Shangren	preexisting_represented_by_selection	preexisting	no	0.95	accepted_existing_match	Existing source_items.matched_work_id retained.
dante_pdp_commedia	dante_digital_anchor_layer	Commedia / Divine Comedy	Dante Alighieri	work_canon_divine_comedy	Divine Comedy	Dante Alighieri	preexisting_matched_current_path	preexisting	yes	1.00	accepted_existing_match	Existing source_items.matched_work_id retained.
dante_pdp_vita_nuova	dante_digital_anchor_layer	Vita nuova	Dante Alighieri	work_candidate_completion_lit_vita_nuova	Vita Nuova	Dante Alighieri	preexisting_matched_current_path	preexisting	yes	0.99	accepted_existing_match	Existing source_items.matched_work_id retained.
e001_accept_aeneid	e001_local_accepted_canon_records	Aeneid	Virgil	work_canon_aeneid	Aeneid	Virgil	preexisting_matched_current_path	preexisting	yes	1.00	accepted_existing_match	Existing source_items.matched_work_id retained.
e001_accept_aesop_fables_selected	e001_local_accepted_canon_records	Aesop's Fables: Selected Fables	Aesopic beast-fable tradition	work_canon_aesop_fables_selected	Aesop's Fables: Selected Fables	Aesopic beast-fable tradition	preexisting_matched_current_path	preexisting	yes	1.00	accepted_existing_match	Existing source_items.matched_work_id retained.
e001_accept_analects	e001_local_accepted_canon_records	Analects	Confucius and early Confucian tradition	work_canon_analects	Analects	Confucius and early Confucian tradition	preexisting_matched_current_path	preexisting	yes	1.00	accepted_existing_match	Existing source_items.matched_work_id retained.
e001_accept_angels_in_america	e001_local_accepted_canon_records	Angels in America	Tony Kushner	work_canon_angels_in_america	Angels in America	Tony Kushner	preexisting_matched_current_path	preexisting	yes	1.00	accepted_existing_match	Existing source_items.matched_work_id retained.
e001_accept_anna_karenina	e001_local_accepted_canon_records	Anna Karenina	Leo Tolstoy	work_canon_anna_karenina	Anna Karenina	Leo Tolstoy	preexisting_matched_current_path	preexisting	yes	1.00	accepted_existing_match	Existing source_items.matched_work_id retained.
e001_accept_antigone_sophocles	e001_local_accepted_canon_records	Antigone	Sophocles	work_canon_antigone_sophocles	Antigone	Sophocles	preexisting_matched_current_path	preexisting	yes	1.00	accepted_existing_match	Existing source_items.matched_work_id retained.
e001_accept_beloved	e001_local_accepted_canon_records	Beloved	Toni Morrison	work_canon_beloved	Beloved	Toni Morrison	preexisting_matched_current_path	preexisting	yes	1.00	accepted_existing_match	Existing source_items.matched_work_id retained.
e001_accept_beowulf	e001_local_accepted_canon_records	Beowulf	Old English poetic tradition	work_canon_beowulf	Beowulf	Old English poetic tradition	preexisting_matched_current_path	preexisting	yes	1.00	accepted_existing_match	Existing source_items.matched_work_id retained.
e001_accept_bhagavad_gita	e001_local_accepted_canon_records	Bhagavad Gita	Mahabharata and Hindu philosophical tradition	work_canon_bhagavad_gita	Bhagavad Gita	Mahabharata and Hindu philosophical tradition	preexisting_matched_current_path	preexisting	yes	1.00	accepted_existing_match	Existing source_items.matched_work_id retained.
e001_accept_brothers_karamazov	e001_local_accepted_canon_records	The Brothers Karamazov	Fyodor Dostoyevsky	work_canon_brothers_karamazov	The Brothers Karamazov	Fyodor Dostoyevsky	preexisting_matched_current_path	preexisting	yes	1.00	accepted_existing_match	Existing source_items.matched_work_id retained.
e001_accept_candide_voltaire	e001_local_accepted_canon_records	Candide	Voltaire	work_canon_candide_voltaire	Candide	Voltaire	preexisting_matched_current_path	preexisting	yes	1.00	accepted_existing_match	Existing source_items.matched_work_id retained.
e001_accept_cantar_de_mio_cid	e001_local_accepted_canon_records	Cantar de mio Cid	Anonymous	work_canon_cantar_de_mio_cid	Cantar de mio Cid	Anonymous	preexisting_matched_current_path	preexisting	unknown	1.00	accepted_existing_match	Existing source_items.matched_work_id retained.
e001_accept_canterbury_tales	e001_local_accepted_canon_records	The Canterbury Tales	Geoffrey Chaucer	work_canon_canterbury_tales	The Canterbury Tales	Geoffrey Chaucer	preexisting_matched_current_path	preexisting	yes	1.00	accepted_existing_match	Existing source_items.matched_work_id retained.
e001_accept_dao_de_jing	e001_local_accepted_canon_records	Dao De Jing	Daoist textual tradition	work_canon_dao_de_jing	Dao De Jing	Daoist textual tradition	preexisting_matched_current_path	preexisting	yes	1.00	accepted_existing_match	Existing source_items.matched_work_id retained.
e001_accept_daphnis_and_chloe	e001_local_accepted_canon_records	Daphnis and Chloe	Longus	work_canon_daphnis_and_chloe	Daphnis and Chloe	Longus	preexisting_matched_current_path	preexisting	yes	1.00	accepted_existing_match	Existing source_items.matched_work_id retained.
e001_accept_dead_souls	e001_local_accepted_canon_records	Dead Souls	Nikolai Gogol	work_canon_dead_souls	Dead Souls	Nikolai Gogol	preexisting_matched_current_path	preexisting	yes	1.00	accepted_existing_match	Existing source_items.matched_work_id retained.
e001_accept_divine_comedy	e001_local_accepted_canon_records	Divine Comedy	Dante Alighieri	work_canon_divine_comedy	Divine Comedy	Dante Alighieri	preexisting_matched_current_path	preexisting	yes	1.00	accepted_existing_match	Existing source_items.matched_work_id retained.
e001_accept_don_quixote	e001_local_accepted_canon_records	Don Quixote	Miguel de Cervantes	work_canon_don_quixote	Don Quixote	Miguel de Cervantes	preexisting_matched_current_path	preexisting	yes	1.00	accepted_existing_match	Existing source_items.matched_work_id retained.
e001_accept_dream_of_the_red_chamber	e001_local_accepted_canon_records	Dream of the Red Chamber	Cao Xueqin | Gao E	work_canon_dream_of_the_red_chamber	Dream of the Red Chamber	Cao Xueqin | Gao E	preexisting_matched_current_path	preexisting	yes	1.00	accepted_existing_match	Existing source_items.matched_work_id retained.
e001_accept_epic_of_gilgamesh	e001_local_accepted_canon_records	Epic of Gilgamesh	Mesopotamian scribal tradition	work_canon_epic_of_gilgamesh	Epic of Gilgamesh	Mesopotamian scribal tradition	preexisting_matched_current_path	preexisting	yes	1.00	accepted_existing_match	Existing source_items.matched_work_id retained.
e001_accept_eugene_onegin	e001_local_accepted_canon_records	Eugene Onegin	Alexander Pushkin	work_canon_eugene_onegin	Eugene Onegin	Alexander Pushkin	preexisting_matched_current_path	preexisting	yes	1.00	accepted_existing_match	Existing source_items.matched_work_id retained.
e001_accept_ficciones	e001_local_accepted_canon_records	Ficciones	Jorge Luis Borges	work_canon_ficciones	Ficciones	Jorge Luis Borges	preexisting_matched_current_path	preexisting	yes	1.00	accepted_existing_match	Existing source_items.matched_work_id retained.
e001_accept_hamlet	e001_local_accepted_canon_records	Hamlet	William Shakespeare	work_canon_hamlet	Hamlet	William Shakespeare	preexisting_matched_current_path	preexisting	yes	1.00	accepted_existing_match	Existing source_items.matched_work_id retained.
e001_accept_histories_herodotus	e001_local_accepted_canon_records	Histories	Herodotus	work_canon_histories_herodotus	Histories	Herodotus	preexisting_matched_current_path	preexisting	yes	1.00	accepted_existing_match	Existing source_items.matched_work_id retained.
e001_accept_hume_dialogues_natural_religion	e001_local_accepted_canon_records	Dialogues Concerning Natural Religion	David Hume	work_canon_hume_dialogues_natural_religion	Dialogues Concerning Natural Religion	David Hume	preexisting_matched_current_path	preexisting	yes	1.00	accepted_existing_match	Existing source_items.matched_work_id retained.
e001_accept_iliad	e001_local_accepted_canon_records	Iliad	Homeric epic tradition	work_canon_iliad	Iliad	Homeric epic tradition	preexisting_matched_current_path	preexisting	yes	1.00	accepted_existing_match	Existing source_items.matched_work_id retained.
e001_accept_invisible_man_ellison	e001_local_accepted_canon_records	Invisible Man	Ralph Ellison	work_canon_invisible_man_ellison	Invisible Man	Ralph Ellison	preexisting_matched_current_path	preexisting	yes	1.00	accepted_existing_match	Existing source_items.matched_work_id retained.
e001_accept_lazarillo_de_tormes	e001_local_accepted_canon_records	Lazarillo de Tormes	Anonymous	work_canon_lazarillo_de_tormes	Lazarillo de Tormes	Anonymous	preexisting_matched_current_path	preexisting	unknown	1.00	accepted_existing_match	Existing source_items.matched_work_id retained.
e001_accept_mahabharata	e001_local_accepted_canon_records	Mahabharata	Sanskrit epic tradition	work_canon_mahabharata	Mahabharata	Sanskrit epic tradition	preexisting_matched_current_path	preexisting	yes	1.00	accepted_existing_match	Existing source_items.matched_work_id retained.
e001_accept_middlemarch	e001_local_accepted_canon_records	Middlemarch	George Eliot	work_canon_middlemarch	Middlemarch	George Eliot	preexisting_matched_current_path	preexisting	yes	1.00	accepted_existing_match	Existing source_items.matched_work_id retained.
e001_accept_new_testament	e001_local_accepted_canon_records	New Testament	Early Christian textual tradition	work_canon_new_testament	New Testament	Early Christian textual tradition	preexisting_matched_current_path	preexisting	yes	1.00	accepted_existing_match	Existing source_items.matched_work_id retained.
e001_accept_nibelungenlied	e001_local_accepted_canon_records	Nibelungenlied	Anonymous	work_canon_nibelungenlied	Nibelungenlied	Anonymous	preexisting_matched_current_path	preexisting	unknown	1.00	accepted_existing_match	Existing source_items.matched_work_id retained.
e001_accept_odyssey	e001_local_accepted_canon_records	Odyssey	Homeric epic tradition	work_canon_odyssey	Odyssey	Homeric epic tradition	preexisting_matched_current_path	preexisting	yes	1.00	accepted_existing_match	Existing source_items.matched_work_id retained.
e001_accept_oedipus_tyrannus	e001_local_accepted_canon_records	Oedipus Tyrannus	Sophocles	work_canon_oedipus_tyrannus	Oedipus Tyrannus	Sophocles	preexisting_matched_current_path	preexisting	yes	1.00	accepted_existing_match	Existing source_items.matched_work_id retained.
e001_accept_one_hundred_years_of_solitude	e001_local_accepted_canon_records	One Hundred Years of Solitude	Gabriel Garcia Marquez	work_canon_one_hundred_years_of_solitude	One Hundred Years of Solitude	Gabriel Garcia Marquez	preexisting_matched_current_path	preexisting	yes	1.00	accepted_existing_match	Existing source_items.matched_work_id retained.
e001_accept_oresteia	e001_local_accepted_canon_records	Oresteia	Aeschylus	work_canon_oresteia	Oresteia	Aeschylus	preexisting_matched_current_path	preexisting	yes	1.00	accepted_existing_match	Existing source_items.matched_work_id retained.
e001_accept_paradise_lost	e001_local_accepted_canon_records	Paradise Lost	John Milton	work_canon_paradise_lost	Paradise Lost	John Milton	preexisting_matched_current_path	preexisting	yes	1.00	accepted_existing_match	Existing source_items.matched_work_id retained.
e001_accept_pascal_pensees_selected	e001_local_accepted_canon_records	Pensees: Selected Fragments	Blaise Pascal	work_canon_pascal_pensees_selected	Pensees: Selected Fragments	Blaise Pascal	preexisting_matched_current_path	preexisting	yes	1.00	accepted_existing_match	Existing source_items.matched_work_id retained.
e001_accept_peloponnesian_war_thucydides	e001_local_accepted_canon_records	History of the Peloponnesian War	Thucydides	work_canon_peloponnesian_war_thucydides	History of the Peloponnesian War	Thucydides	preexisting_matched_current_path	preexisting	yes	1.00	accepted_existing_match	Existing source_items.matched_work_id retained.
e001_accept_pilgrims_progress	e001_local_accepted_canon_records	The Pilgrim's Progress	John Bunyan	work_canon_pilgrims_progress	The Pilgrim's Progress	John Bunyan	preexisting_matched_current_path	preexisting	yes	1.00	accepted_existing_match	Existing source_items.matched_work_id retained.
e001_accept_pillow_book_sei_shonagon	e001_local_accepted_canon_records	The Pillow Book	Sei Shonagon	work_canon_pillow_book_sei_shonagon	The Pillow Book	Sei Shonagon	preexisting_matched_current_path	preexisting	yes	1.00	accepted_existing_match	Existing source_items.matched_work_id retained.
e001_accept_poetics_aristotle	e001_local_accepted_canon_records	Poetics	Aristotle	work_canon_poetics_aristotle	Poetics	Aristotle	preexisting_matched_current_path	preexisting	yes	1.00	accepted_existing_match	Existing source_items.matched_work_id retained.
e001_accept_popol_vuh	e001_local_accepted_canon_records	Popol Vuh	K'iche' Maya textual tradition	work_canon_popol_vuh	Popol Vuh	K'iche' Maya textual tradition	preexisting_matched_current_path	preexisting	yes	1.00	accepted_existing_match	Existing source_items.matched_work_id retained.
e001_accept_quran	e001_local_accepted_canon_records	Qur'an	Islamic scripture	work_canon_quran	Qur'an	Islamic scripture	preexisting_matched_current_path	preexisting	yes	1.00	accepted_existing_match	Existing source_items.matched_work_id retained.
e001_accept_ramayana	e001_local_accepted_canon_records	Ramayana	Sanskrit epic tradition	work_canon_ramayana	Ramayana	Sanskrit epic tradition	preexisting_matched_current_path	preexisting	yes	1.00	accepted_existing_match	Existing source_items.matched_work_id retained.
e001_accept_recognition_of_shakuntala	e001_local_accepted_canon_records	The Recognition of Shakuntala	Kalidasa	work_canon_recognition_of_shakuntala	Kalidasa: The Recognition of Shakuntala	Kalidasa	preexisting_matched_current_path	preexisting	yes	1.00	accepted_existing_match	Existing source_items.matched_work_id retained.
e001_accept_red_and_the_black	e001_local_accepted_canon_records	The Red and the Black	Stendhal	work_canon_red_and_the_black	The Red and the Black	Stendhal	preexisting_matched_current_path	preexisting	yes	1.00	accepted_existing_match	Existing source_items.matched_work_id retained.
e001_accept_rig_veda	e001_local_accepted_canon_records	Rig Veda	Vedic tradition	work_canon_rig_veda	Rig Veda	Vedic tradition	preexisting_matched_current_path	preexisting	yes	1.00	accepted_existing_match	Existing source_items.matched_work_id retained.
e001_accept_room_of_ones_own	e001_local_accepted_canon_records	A Room of One's Own	Virginia Woolf	work_canon_room_of_ones_own	A Room of One's Own	Virginia Woolf	preexisting_matched_current_path	preexisting	yes	1.00	accepted_existing_match	Existing source_items.matched_work_id retained.
e001_accept_satyricon_petronius	e001_local_accepted_canon_records	Satyricon	Petronius	work_canon_satyricon_petronius	Satyricon	Petronius	preexisting_matched_current_path	preexisting	yes	1.00	accepted_existing_match	Existing source_items.matched_work_id retained.
e001_accept_sir_gawain_green_knight	e001_local_accepted_canon_records	Sir Gawain and the Green Knight	Anonymous Pearl Poet	work_canon_sir_gawain_green_knight	Sir Gawain and the Green Knight	Anonymous Pearl Poet	preexisting_matched_current_path	preexisting	yes	1.00	accepted_existing_match	Existing source_items.matched_work_id retained.
e001_accept_souls_of_black_folk	e001_local_accepted_canon_records	The Souls of Black Folk	W. E. B. Du Bois	work_canon_souls_of_black_folk	The Souls of Black Folk	W. E. B. Du Bois	preexisting_matched_current_path	preexisting	yes	1.00	accepted_existing_match	Existing source_items.matched_work_id retained.
e001_accept_tale_of_genji	e001_local_accepted_canon_records	The Tale of Genji	Murasaki Shikibu	work_canon_tale_of_genji	The Tale of Genji	Murasaki Shikibu	preexisting_matched_current_path	preexisting	yes	1.00	accepted_existing_match	Existing source_items.matched_work_id retained.
e001_accept_theogony	e001_local_accepted_canon_records	Theogony	Hesiod	work_canon_theogony	Theogony	Hesiod	preexisting_matched_current_path	preexisting	yes	1.00	accepted_existing_match	Existing source_items.matched_work_id retained.
e001_accept_things_fall_apart	e001_local_accepted_canon_records	Things Fall Apart	Chinua Achebe	work_canon_things_fall_apart	Things Fall Apart	Chinua Achebe	preexisting_matched_current_path	preexisting	yes	1.00	accepted_existing_match	Existing source_items.matched_work_id retained.
e001_accept_trial_kafka	e001_local_accepted_canon_records	The Trial	Franz Kafka	work_canon_trial_kafka	The Trial	Franz Kafka	preexisting_matched_current_path	preexisting	yes	1.00	accepted_existing_match	Existing source_items.matched_work_id retained.
e001_accept_tristram_shandy	e001_local_accepted_canon_records	The Life and Opinions of Tristram Shandy, Gentleman	Laurence Sterne	work_canon_tristram_shandy	Tristram Shandy	Laurence Sterne	preexisting_matched_current_path	preexisting	yes	1.00	accepted_existing_match	Existing source_items.matched_work_id retained.
e001_accept_ulysses	e001_local_accepted_canon_records	Ulysses	James Joyce	work_canon_ulysses	Ulysses	James Joyce	preexisting_matched_current_path	preexisting	yes	1.00	accepted_existing_match	Existing source_items.matched_work_id retained.
e001_accept_upanishads	e001_local_accepted_canon_records	Upanishads	Vedic and early Hindu philosophical traditions	work_canon_upanishads	Upanishads	Vedic and early Hindu philosophical traditions	preexisting_matched_current_path	preexisting	yes	1.00	accepted_existing_match	Existing source_items.matched_work_id retained.
e001_accept_war_and_peace	e001_local_accepted_canon_records	War and Peace	Leo Tolstoy	work_canon_war_and_peace	War and Peace	Leo Tolstoy	preexisting_matched_current_path	preexisting	yes	1.00	accepted_existing_match	Existing source_items.matched_work_id retained.
e001_accept_zhuangzi	e001_local_accepted_canon_records	Zhuangzi	Zhuangzi and Daoist textual tradition	work_canon_zhuangzi	Zhuangzi	Zhuangzi and Daoist textual tradition	preexisting_matched_current_path	preexisting	yes	1.00	accepted_existing_match	Existing source_items.matched_work_id retained.
perseus_urn_cts_greeklit_tlg0003_tlg001	e008_perseus_catalog_greek_latin_works	History of the Peloponnesian War	Thucydides	work_canon_peloponnesian_war_thucydides	History of the Peloponnesian War	Thucydides	preexisting_matched_current_path	preexisting	yes	0.99	accepted_existing_match	Existing source_items.matched_work_id retained.
perseus_urn_cts_greeklit_tlg0006_tlg003	e008_perseus_catalog_greek_latin_works	Medea	Euripides	work_candidate_medea_euripides	Medea	Euripides	preexisting_matched_current_path	preexisting	yes	1.00	accepted_existing_match	Existing source_items.matched_work_id retained.
perseus_urn_cts_greeklit_tlg0006_tlg017	e008_perseus_catalog_greek_latin_works	Bacchae	Euripides	work_candidate_euripides_bacchae_performance	The Bacchae	Euripides	preexisting_matched_current_path	preexisting	yes	0.98	accepted_existing_match	Existing source_items.matched_work_id retained.
perseus_urn_cts_greeklit_tlg0011_tlg002	e008_perseus_catalog_greek_latin_works	Antigone	Sophocles	work_canon_antigone_sophocles	Antigone	Sophocles	preexisting_matched_current_path	preexisting	yes	1.00	accepted_existing_match	Existing source_items.matched_work_id retained.
perseus_urn_cts_greeklit_tlg0011_tlg004	e008_perseus_catalog_greek_latin_works	Oedipus Tyrannus	Sophocles	work_canon_oedipus_tyrannus	Oedipus Tyrannus	Sophocles	preexisting_matched_current_path	preexisting	yes	1.00	accepted_existing_match	Existing source_items.matched_work_id retained.
perseus_urn_cts_greeklit_tlg0012_tlg001	e008_perseus_catalog_greek_latin_works	Iliad	Homer	work_canon_iliad	Iliad	Homeric epic tradition	preexisting_matched_current_path	preexisting	yes	1.00	accepted_existing_match	Existing source_items.matched_work_id retained.
perseus_urn_cts_greeklit_tlg0012_tlg002	e008_perseus_catalog_greek_latin_works	Odyssey	Homer	work_canon_odyssey	Odyssey	Homeric epic tradition	preexisting_matched_current_path	preexisting	yes	1.00	accepted_existing_match	Existing source_items.matched_work_id retained.
perseus_urn_cts_greeklit_tlg0016_tlg001	e008_perseus_catalog_greek_latin_works	Histories	Herodotus	work_canon_histories_herodotus	Histories	Herodotus	preexisting_matched_current_path	preexisting	yes	0.99	accepted_existing_match	Existing source_items.matched_work_id retained.
perseus_urn_cts_greeklit_tlg0019_tlg007	e008_perseus_catalog_greek_latin_works	Lysistrata	Aristophanes	work_candidate_lysistrata	Lysistrata	Aristophanes	preexisting_matched_current_path	preexisting	yes	1.00	accepted_existing_match	Existing source_items.matched_work_id retained.
perseus_urn_cts_greeklit_tlg0059_tlg011	e008_perseus_catalog_greek_latin_works	Symposium	Plato	work_candidate_mandatory_plato_symposium	Symposium	Plato	preexisting_matched_current_path	preexisting	yes	1.00	accepted_existing_match	Existing source_items.matched_work_id retained.
perseus_urn_cts_greeklit_tlg0086_tlg034	e008_perseus_catalog_greek_latin_works	Poetics	Aristotle	work_canon_poetics_aristotle	Poetics	Aristotle	preexisting_matched_current_path	preexisting	yes	1.00	accepted_existing_match	Existing source_items.matched_work_id retained.
phi_0550_001	e008_phi_classical_latin_texts	De Rerum Natura	Titus Lucretius Carus	work_candidate_bloom_gap_031_0070_on_the_nature_of_things	On the Nature of Things	Titus Lucretius Carus	preexisting_matched_current_path	preexisting	yes	0.99	accepted_existing_match	Existing source_items.matched_work_id retained.
phi_0690_003	e008_phi_classical_latin_texts	Aeneis	Publius Vergilius Maro	work_canon_aeneid	Aeneid	Virgil	preexisting_matched_current_path	preexisting	no	0.99	accepted_existing_match	Existing source_items.matched_work_id retained.
phi_0959_006	e008_phi_classical_latin_texts	Metamorphoses	Publius Ovidius Naso	work_candidate_metamorphoses_ovid	Metamorphoses	Ovid	preexisting_matched_current_path	preexisting	yes	0.98	accepted_existing_match	Existing source_items.matched_work_id retained.
phi_0972_001	e008_phi_classical_latin_texts	Satyrica	Petronius	work_canon_satyricon_petronius	Satyricon	Petronius	preexisting_matched_current_path	preexisting	yes	0.97	accepted_existing_match	Existing source_items.matched_work_id retained.
phi_1212_002	e008_phi_classical_latin_texts	Metamorphoses	Apuleius Madaurensis	work_candidate_golden_ass_apuleius	The Golden Ass	Apuleius	preexisting_matched_current_path	preexisting	yes	0.97	accepted_existing_match	Existing source_items.matched_work_id retained.
e012_aap_dunbar_we_wear_mask	e012_loa_african_american_poetry_2020	We Wear the Mask	Paul Laurence Dunbar	work_candidate_wave002_dunbar_lyrics_lowly_life	Lyrics of Lowly Life	Paul Laurence Dunbar	preexisting_represented_by_selection	preexisting	yes	0.95	accepted_existing_match	Existing source_items.matched_work_id retained.
e012_aap_harper_bury_me_free_land	e012_loa_african_american_poetry_2020	Bury Me in a Free Land	Frances Ellen Watkins Harper	work_candidate_source_aap_harper_bury_me_free_land	Bury Me in a Free Land	Frances Ellen Watkins Harper	preexisting_matched_candidate	preexisting	yes	0.95	accepted_existing_match	Existing source_items.matched_work_id retained.
e012_aap_hughes_negro_speaks_rivers	e012_loa_african_american_poetry_2020	The Negro Speaks of Rivers	Langston Hughes	work_candidate_bloom_reviewed_hughes_poems	The Weary Blues and Selected Poems	Langston Hughes	preexisting_represented_by_selection	preexisting	yes	0.95	accepted_existing_match	Existing source_items.matched_work_id retained.
e012_aap_wheatley_on_imagination	e012_loa_african_american_poetry_2020	On Imagination	Phillis Wheatley	work_candidate_mandatory_wheatley_poems	Poems on Various Subjects, Religious and Moral	Phillis Wheatley	preexisting_represented_by_selection	preexisting	yes	0.86	accepted_existing_match	Existing source_items.matched_work_id retained.
e012_loa_sn_brown_narrative	e012_loa_slave_narratives	Narrative of William W. Brown, A Fugitive Slave. Written by Himself	William Wells Brown	work_candidate_source_loa_brown_narrative	Narrative of William W. Brown, A Fugitive Slave. Written by Himself	William Wells Brown	preexisting_matched_candidate	preexisting	yes	0.95	accepted_existing_match	Existing source_items.matched_work_id retained.
e012_loa_sn_douglass_narrative	e012_loa_slave_narratives	Narrative of the Life of Frederick Douglass, An American Slave	Frederick Douglass	work_candidate_bloom_reviewed_douglass_narrative	Narrative of the Life of Frederick Douglass	Frederick Douglass	preexisting_matched_current_path	preexisting	yes	0.98	accepted_existing_match	Existing source_items.matched_work_id retained.
e012_loa_sn_equiano	e012_loa_slave_narratives	The Interesting Narrative of the Life of Olaudah Equiano, or Gustavus Vassa, the African. Written by Himself	Olaudah Equiano	work_candidate_mandatory_equiano_interesting_narrative	The Interesting Narrative	Olaudah Equiano	preexisting_matched_current_path	preexisting	yes	0.93	accepted_existing_match	Existing source_items.matched_work_id retained.
e012_loa_sn_gronniosaw	e012_loa_slave_narratives	Narrative of the Most Remarkable Particulars in the Life of James Albert Ukawsaw Gronniosaw, An African Prince, As related by Himself	James Albert Ukawsaw Gronniosaw	work_candidate_source_loa_gronniosaw_narrative	Narrative of James Albert Ukawsaw Gronniosaw	James Albert Ukawsaw Gronniosaw	preexisting_matched_candidate	preexisting	yes	0.95	accepted_existing_match	Existing source_items.matched_work_id retained.
e012_loa_sn_jacobs_incidents	e012_loa_slave_narratives	Incidents in the Life of a Slave Girl. Written by Herself	Harriet Ann Jacobs	work_candidate_mandatory_jacobs_incidents	Incidents in the Life of a Slave Girl	Harriet Jacobs	preexisting_matched_current_path	preexisting	no	0.97	accepted_existing_match	Existing source_items.matched_work_id retained.
e012_loa_sn_nat_turner	e012_loa_slave_narratives	The Confessions of Nat Turner, the Leader of the Late Insurrection in Southhampton, VA.	Nat Turner	work_candidate_source_loa_nat_turner_confessions	The Confessions of Nat Turner	Nat Turner	preexisting_matched_candidate	preexisting	yes	0.95	accepted_existing_match	Existing source_items.matched_work_id retained.
e012_naal4_v1_dubois_souls	e012_norton_african_american_lit_4e_v1_2025	The Souls of Black Folk	W. E. B. Du Bois	work_canon_souls_of_black_folk	The Souls of Black Folk	W. E. B. Du Bois	preexisting_represented_by_selection	preexisting	yes	0.98	accepted_existing_match	Existing source_items.matched_work_id retained.
e012_naal4_v1_equiano_interesting_narrative	e012_norton_african_american_lit_4e_v1_2025	The Interesting Narrative of the Life of Olaudah Equiano, or Gustavus Vassa, the African, Written by Himself	Olaudah Equiano	work_candidate_mandatory_equiano_interesting_narrative	The Interesting Narrative	Olaudah Equiano	preexisting_represented_by_selection	preexisting	yes	0.95	accepted_existing_match	Existing source_items.matched_work_id retained.
e012_naal4_v1_larsen_passing	e012_norton_african_american_lit_4e_v1_2025	Passing	Nella Larsen	work_candidate_completion_lit_passing	Passing	Nella Larsen	preexisting_matched_current_path	preexisting	yes	1.00	accepted_existing_match	Existing source_items.matched_work_id retained.
e012_naal4_v2_brooks_maud_martha	e012_norton_african_american_lit_4e_v2_2025	Maud Martha	Gwendolyn Brooks	work_candidate_source_naal_brooks_maud_martha	Maud Martha	Gwendolyn Brooks	preexisting_matched_candidate	preexisting	yes	0.95	accepted_existing_match	Existing source_items.matched_work_id retained.
e012_naal4_v2_ellison_invisible_man	e012_norton_african_american_lit_4e_v2_2025	Invisible Man	Ralph Ellison	work_canon_invisible_man_ellison	Invisible Man	Ralph Ellison	preexisting_represented_by_selection	preexisting	yes	0.98	accepted_existing_match	Existing source_items.matched_work_id retained.
e012_naal4_v2_whitehead_nickel_boys	e012_norton_african_american_lit_4e_v2_2025	The Nickel Boys	Colson Whitehead	work_candidate_source_naal_whitehead_nickel_boys	The Nickel Boys	Colson Whitehead	preexisting_matched_candidate	preexisting	yes	0.95	accepted_existing_match	Existing source_items.matched_work_id retained.
e013_oblap_003_anonymous_popol_vuh_excerpt	e013_oxford_latin_american_poetry_2009	Popol Vuh (excerpt)	Anonymous	work_canon_popol_vuh	Popol Vuh	K'iche' Maya textual tradition	preexisting_represented_by_selection	preexisting	unknown	0.97	accepted_existing_match	Existing source_items.matched_work_id retained.
e013_oblap_004_alonso_de_ercilla_y_zuniga_the_araucaniad_excerpt	e013_oxford_latin_american_poetry_2009	The Araucaniad (excerpt)	Alonso de Ercilla y Zuniga	work_candidate_global_lit_la_araucana	La Araucana	Alonso de Ercilla	preexisting_represented_by_selection	preexisting	yes	0.94	accepted_existing_match	Existing source_items.matched_work_id retained.
e013_oblap_018_jose_hernandez_martin_fierro_excerpt	e013_oxford_latin_american_poetry_2009	Martin Fierro (excerpt)	Jose Hernandez	work_candidate_martin_fierro	Martin Fierro	Jose Hernandez	preexisting_represented_by_selection	preexisting	yes	0.96	accepted_existing_match	Existing source_items.matched_work_id retained.
e013_oblass_027_jorge_luis_borges_the_garden_of_forking_paths	e013_oxford_latin_american_short_stories_1997	The garden of forking paths	Jorge Luis Borges	work_canon_ficciones	Ficciones	Jorge Luis Borges	preexisting_represented_by_selection	preexisting	yes	0.95	accepted_existing_match	Existing source_items.matched_work_id retained.
e014_aws_001_ngugi_wa_thiong_o_a_grain_of_wheat	e014_african_writers_series_heinemann_penguin	A Grain of Wheat	Ngugi Wa Thiong'o	work_candidate_grain_of_wheat_ngugi	A Grain of Wheat	Ngugi wa Thiong'o	preexisting_matched_current_path	preexisting	yes	0.98	accepted_existing_match	Existing source_items.matched_work_id retained.
e014_aws_002_ngugi_wa_thiong_o_devil_on_the_cross	e014_african_writers_series_heinemann_penguin	Devil on the Cross	Ngugi Wa Thiong'o	work_candidate_global_lit_devil_cross	Devil on the Cross	Ngugi wa Thiong'o	preexisting_matched_current_path	preexisting	yes	0.98	accepted_existing_match	Existing source_items.matched_work_id retained.
e014_aws_003_ngugi_wa_thiong_o_weep_not_child	e014_african_writers_series_heinemann_penguin	Weep Not, Child	Ngugi Wa Thiong'o	work_candidate_global_lit_weep_not_child	Weep Not, Child	Ngugi wa Thiong'o	preexisting_matched_current_path	preexisting	yes	0.98	accepted_existing_match	Existing source_items.matched_work_id retained.
e014_aws_004_ngugi_wa_thiong_o_the_river_between	e014_african_writers_series_heinemann_penguin	The River Between	Ngugi Wa Thiong'o	work_candidate_africa_lit_river_between	The River Between	Ngugi wa Thiong'o	preexisting_matched_current_path	preexisting	yes	0.98	accepted_existing_match	Existing source_items.matched_work_id retained.
e014_aws_005_ngugi_wa_thiong_o_homecoming	e014_african_writers_series_heinemann_penguin	Homecoming	Ngugi Wa Thiong'o	work_candidate_completion_lit_homecoming_pinter	The Homecoming	Harold Pinter	exact_normalized_title	exact	no	0.70	needs_match_review	Generated by exact normalized title/alias matching.
e014_aws_007_dambudzo_marechera_the_house_of_hunger	e014_african_writers_series_heinemann_penguin	The House of Hunger	Dambudzo Marechera	work_candidate_global_lit_house_of_hunger	The House of Hunger	Dambudzo Marechera	preexisting_matched_current_path	preexisting	yes	0.98	accepted_existing_match	Existing source_items.matched_work_id retained.
e014_aws_016_christopher_okigbo_labyrinths	e014_african_writers_series_heinemann_penguin	Labyrinths	Christopher Okigbo	work_candidate_bloom_reviewed_okigbo_labyrinths	Labyrinths	Christopher Okigbo	exact_normalized_title	exact	yes	0.97	candidate_auto_match_after_review	Generated by exact normalized title/alias matching.
e014_aws_018_elechi_amadi_the_concubine	e014_african_writers_series_heinemann_penguin	The Concubine	Elechi Amadi	work_candidate_africa_lit_concubine	The Concubine	Elechi Amadi	preexisting_matched_current_path	preexisting	yes	0.98	accepted_existing_match	Existing source_items.matched_work_id retained.
e014_aws_019_neshani_andreas_the_purple_violet_of_oshaantu	e014_african_writers_series_heinemann_penguin	The Purple Violet of Oshaantu	Neshani Andreas	work_candidate_africa_lit_purple_violet	The Purple Violet of Oshaantu	Neshani Andreas	preexisting_matched_current_path	preexisting	yes	0.98	accepted_existing_match	Existing source_items.matched_work_id retained.
e014_aws_024_olaudah_equiano_and_paul_edwards_ed_equiano_s_travels	e014_african_writers_series_heinemann_penguin	Equiano's Travels	Olaudah Equiano and Paul Edwards (Ed)	work_candidate_mandatory_equiano_interesting_narrative	The Interesting Narrative	Olaudah Equiano	preexisting_matched_current_path	preexisting	yes	0.90	accepted_existing_match	Existing source_items.matched_work_id retained.
e014_aws_026_flora_nwapa_efuru	e014_african_writers_series_heinemann_penguin	Efuru	Flora Nwapa	work_candidate_africa_lit_efuru	Efuru	Flora Nwapa	preexisting_matched_current_path	preexisting	yes	0.98	accepted_existing_match	Existing source_items.matched_work_id retained.
e014_aws_028_thomas_mofolo_chaka	e014_african_writers_series_heinemann_penguin	Chaka	Thomas Mofolo	work_candidate_chaka_mofolo	Chaka	Thomas Mofolo	preexisting_matched_current_path	preexisting	yes	0.98	accepted_existing_match	Existing source_items.matched_work_id retained.
e014_aws_035_tayeb_salih_season_of_the_migration_to_the_north	e014_african_writers_series_heinemann_penguin	Season of the Migration to the North	Tayeb Salih	work_candidate_season_migration_north	Season of Migration to the North	Tayeb Salih	preexisting_matched_current_path	preexisting	yes	0.98	accepted_existing_match	Existing source_items.matched_work_id retained.
e014_aws_037_bessie_head_the_collector_of_treasures	e014_african_writers_series_heinemann_penguin	The Collector of Treasures	Bessie Head	work_candidate_wave005_bessie_head_collector_treasures	The Collector of Treasures	Bessie Head	preexisting_matched_current_path	preexisting	yes	0.98	accepted_existing_match	Existing source_items.matched_work_id retained.
e014_aws_038_bessie_head_when_rain_clouds_gather	e014_african_writers_series_heinemann_penguin	When Rain Clouds Gather	Bessie Head	work_candidate_africa_lit_when_rain_clouds	When Rain Clouds Gather	Bessie Head	preexisting_matched_current_path	preexisting	yes	0.98	accepted_existing_match	Existing source_items.matched_work_id retained.
e014_aws_040_ama_ata_aidoo_changes	e014_african_writers_series_heinemann_penguin	Changes	Ama Ata Aidoo	work_candidate_scale3_lit_changes_ama_ata_aidoo	Changes	Ama Ata Aidoo	preexisting_matched_current_path	preexisting	yes	0.98	accepted_existing_match	Existing source_items.matched_work_id retained.
e014_aws_046_ama_ata_aidoo_our_sister_killjoy	e014_african_writers_series_heinemann_penguin	Our Sister Killjoy	Ama Ata Aidoo	work_candidate_scale3_lit_our_sister_killjoy	Our Sister Killjoy	Ama Ata Aidoo	preexisting_matched_current_path	preexisting	yes	0.98	accepted_existing_match	Existing source_items.matched_work_id retained.
e014_aws_048_ngugi_wa_thiong_o_petals_of_blood	e014_african_writers_series_heinemann_penguin	Petals of Blood	Ngugi wa Thiong'o	work_candidate_global_lit_petals_of_blood	Petals of Blood	Ngugi wa Thiong'o	preexisting_matched_current_path	preexisting	yes	0.98	accepted_existing_match	Existing source_items.matched_work_id retained.
e014_pbmap2007_035_lenrie_peters_homecoming	e014_penguin_modern_african_poetry_4e_2007	Homecoming	Lenrie Peters	work_candidate_completion_lit_homecoming_pinter	The Homecoming	Harold Pinter	exact_normalized_title	exact	no	0.70	needs_match_review	Generated by exact normalized title/alias matching.
e014_pbmap2007_080_maina_wa_kinyatti_the_bridge	e014_penguin_modern_african_poetry_4e_2007	The Bridge	Maina wa Kinyatti	work_candidate_bloom_reviewed_bridge	The Bridge	Hart Crane	exact_normalized_title	exact	no	0.70	needs_match_review	Generated by exact normalized title/alias matching.
e014_pbmap2007_118_valente_ngwenya_malangatana_woman	e014_penguin_modern_african_poetry_4e_2007	Woman	Valente Ngwenya Malangatana	work_candidate_wave004_sibilla_aleramo_a_woman	A Woman	Sibilla Aleramo	exact_normalized_title	exact	no	0.70	needs_match_review	Generated by exact normalized title/alias matching.
e014_pbmap2007_172_leopold_sedar_senghor_visit	e014_penguin_modern_african_poetry_4e_2007	Visit	Leopold Sedar Senghor	work_candidate_bloom_reviewed_visit	The Visit	Friedrich Durrenmatt	exact_normalized_title	exact	no	0.70	needs_match_review	Generated by exact normalized title/alias matching.
e014_rienner_023_the_mwindo_epic	e014_rienner_anthology_african_lit_2007	The Mwindo Epic.	""	work_candidate_mwindo_epic	Mwindo Epic	Nyanga oral epic tradition	exact_normalized_title	exact	unknown	0.82	needs_match_review	Generated by exact normalized title/alias matching.
e014_rienner_048_camara_laye_the_dark_child_chapters_2_3	e014_rienner_anthology_african_lit_2007	The Dark Child (Chapters 2-3).	Camara Laye	work_candidate_global_lit_dark_child	The Dark Child	Camara Laye	preexisting_represented_by_selection	preexisting	yes	0.98	accepted_existing_match	Existing source_items.matched_work_id retained.
e014_rienner_050_amos_tutuola_the_palm_wine_drinkard	e014_rienner_anthology_african_lit_2007	The Palm-Wine Drinkard.	Amos Tutuola	work_candidate_palm_wine_drinkard	The Palm-Wine Drinkard	Amos Tutuola	preexisting_represented_by_selection	preexisting	yes	0.98	accepted_existing_match	Existing source_items.matched_work_id retained.
e014_rienner_052_thomas_mofolo_chaka_chapters_3_4	e014_rienner_anthology_african_lit_2007	Chaka (Chapters 3-4).	Thomas Mofolo	work_candidate_chaka_mofolo	Chaka	Thomas Mofolo	preexisting_represented_by_selection	preexisting	yes	0.98	accepted_existing_match	Existing source_items.matched_work_id retained.
e014_rienner_055_peter_abrahams_mine_boy_chapter_4	e014_rienner_anthology_african_lit_2007	Mine Boy (Chapter 4).	Peter Abrahams	work_candidate_africa_lit_mine_boy	Mine Boy	Peter Abrahams	preexisting_represented_by_selection	preexisting	yes	0.98	accepted_existing_match	Existing source_items.matched_work_id retained.
e014_rienner_072_ferdinand_oyono_houseboy	e014_rienner_anthology_african_lit_2007	Houseboy.	Ferdinand Oyono	work_candidate_global_lit_houseboy	Houseboy	Ferdinand Oyono	exact_normalized_title	exact	yes	0.97	candidate_auto_match_after_review	Generated by exact normalized title/alias matching.
e014_rienner_121_okot_p_bitek_song_of_lawino	e014_rienner_anthology_african_lit_2007	Song of Lawino.	Okot p'Bitek	work_candidate_global_lit_songs_lawino	Song of Lawino	Okot p'Bitek	exact_normalized_title	exact	yes	0.97	candidate_auto_match_after_review	Generated by exact normalized title/alias matching.
e017_emjp_002_ihara_saikaku_five_sensuous_women	e017_columbia_early_modern_japanese_lit_2002	Five Sensuous Women	Ihara Saikaku	work_candidate_eastasia_lit_five_women_loved_love	Five Women Who Loved Love	Ihara Saikaku	preexisting_represented_by_selection	preexisting	yes	0.92	accepted_existing_match	Existing source_items.matched_work_id retained.
e017_emjp_003_ihara_saikaku_life_of_a_sensuous_woman	e017_columbia_early_modern_japanese_lit_2002	Life of a Sensuous Woman	Ihara Saikaku	work_candidate_global_lit_life_amorous_woman	The Life of an Amorous Woman	Ihara Saikaku	preexisting_represented_by_selection	preexisting	yes	0.92	accepted_existing_match	Existing source_items.matched_work_id retained.
e017_emjp_004_matsuo_basho_hokku	e017_columbia_early_modern_japanese_lit_2002	Hokku	Matsuo Basho	work_candidate_global_lit_basho_haiku	Selected Haiku	Matsuo Basho	preexisting_represented_by_selection	preexisting	yes	0.88	accepted_existing_match	Existing source_items.matched_work_id retained.
e017_emjp_005_matsuo_basho_narrow_road_to_the_deep_north	e017_columbia_early_modern_japanese_lit_2002	Narrow Road to the Deep North	Matsuo Basho	work_candidate_narrow_road_deep_north	The Narrow Road to the Deep North	Matsuo Basho	preexisting_represented_by_selection	preexisting	yes	0.98	accepted_existing_match	Existing source_items.matched_work_id retained.
e017_emjp_006_chikamatsu_monzaemon_the_love_suicides_at_sonezaki	e017_columbia_early_modern_japanese_lit_2002	The Love Suicides at Sonezaki	Chikamatsu Monzaemon	work_candidate_sonezaki_shinju_bunraku	The Love Suicides at Sonezaki	Chikamatsu Monzaemon	preexisting_represented_by_selection	preexisting	yes	0.98	accepted_existing_match	Existing source_items.matched_work_id retained.
e017_emjp_007_chikamatsu_monzaemon_the_battles_of_coxinga	e017_columbia_early_modern_japanese_lit_2002	The Battles of Coxinga	Chikamatsu Monzaemon	work_candidate_mandatory_battles_coxinga	The Battles of Coxinga	Chikamatsu Monzaemon	preexisting_represented_by_selection	preexisting	yes	0.98	accepted_existing_match	Existing source_items.matched_work_id retained.
e017_emjp_008_chikamatsu_monzaemon_the_love_suicides_at_amijima	e017_columbia_early_modern_japanese_lit_2002	The Love Suicides at Amijima	Chikamatsu Monzaemon	work_candidate_eastasia_lit_love_suicides_amijima	The Love Suicides at Amijima	Chikamatsu Monzaemon	preexisting_represented_by_selection	preexisting	yes	0.98	accepted_existing_match	Existing source_items.matched_work_id retained.
e017_emjp_009_takeda_izumo_namiki_sosuke_and_miyoshi_shoraku_chushingura	e017_columbia_early_modern_japanese_lit_2002	Chushingura	Takeda Izumo, Namiki Sosuke, and Miyoshi Shoraku	work_candidate_global_lit_chushingura	Chushingura	Takeda Izumo II, Miyoshi Shoraku, and Namiki Senryu	preexisting_represented_by_selection	preexisting	yes	0.98	accepted_existing_match	Existing source_items.matched_work_id retained.
e017_emjp_010_ueda_akinari_tales_of_moonlight_and_rain	e017_columbia_early_modern_japanese_lit_2002	Tales of Moonlight and Rain	Ueda Akinari	work_candidate_global_lit_ugetsu_monogatari	Ugetsu Monogatari	Ueda Akinari	preexisting_represented_by_selection	preexisting	yes	0.93	accepted_existing_match	Existing source_items.matched_work_id retained.
e017_emjp_012_kyokutei_bakin_the_eight_dog_chronicles	e017_columbia_early_modern_japanese_lit_2002	The Eight Dog Chronicles	Kyokutei Bakin	work_candidate_mandatory_hakkenden	Nanso Satomi Hakkenden	Kyokutei Bakin	preexisting_represented_by_selection	preexisting	yes	0.93	accepted_existing_match	Existing source_items.matched_work_id retained.
e017_modjp_v1_001_mori_ogai_the_dancing_girl	e017_columbia_modern_japanese_lit_v1_2005	The Dancing Girl	Mori Ogai	work_candidate_eastasia_lit_dancing_girl	The Dancing Girl	Mori Ogai	preexisting_matched_current_path	preexisting	yes	0.99	accepted_existing_match	Existing source_items.matched_work_id retained.
e017_modjp_v1_027_kodama_kagai_the_setting_sun	e017_columbia_modern_japanese_lit_v1_2005	The Setting Sun	Kodama Kagai	work_candidate_eastasia_lit_setting_sun	The Setting Sun	Dazai Osamu	exact_normalized_title	exact	no	0.70	needs_match_review	Generated by exact normalized title/alias matching.
e017_modjp_v1_049_yosano_akiko_the_dancing_girl	e017_columbia_modern_japanese_lit_v1_2005	The Dancing Girl	Yosano Akiko	work_candidate_eastasia_lit_dancing_girl	The Dancing Girl	Mori Ogai	exact_normalized_title	exact	no	0.70	needs_match_review	Generated by exact normalized title/alias matching.
e017_modjp_v2_014_kanai_mieko_homecoming	e017_columbia_modern_japanese_lit_v2_2007	Homecoming	Kanai Mieko	work_candidate_completion_lit_homecoming_pinter	The Homecoming	Harold Pinter	exact_normalized_title	exact	no	0.70	needs_match_review	Generated by exact normalized title/alias matching.
e017_modjp_v2_074_shima_tsuyoshi_bones	e017_columbia_modern_japanese_lit_v2_2007	Bones	Shima Tsuyoshi	work_candidate_africa_lit_bones_hove	Bones	Chenjerai Hove	exact_normalized_title	exact	no	0.70	needs_match_review	Generated by exact normalized title/alias matching.
e017_modjp_v2_086_shinkawa_kazue_the_door	e017_columbia_modern_japanese_lit_v2_2007	The Door	Shinkawa Kazue	work_candidate_euro_under_lit_door_szabo	The Door	Magda Szabo	exact_normalized_title	exact	no	0.70	needs_match_review	Generated by exact normalized title/alias matching.
e017_tradjp_001_japanese_mythic_and_literary_tradition_kojiki	e017_columbia_traditional_japanese_lit_2007	Kojiki	Japanese mythic and literary tradition	work_candidate_mandatory_kojiki	Kojiki	Japanese mythic and literary tradition	preexisting_represented_by_selection	preexisting	yes	0.98	accepted_existing_match	Existing source_items.matched_work_id retained.
e017_tradjp_002_japanese_court_historiographic_and_mythological_tradition_nihon_shoki	e017_columbia_traditional_japanese_lit_2007	Nihon shoki	Japanese court historiographic and mythological tradition	work_candidate_nihon_shoki_mythic_books	Nihon Shoki: Mythic Books	Japanese court historiographic and mythological tradition	preexisting_represented_by_selection	preexisting	yes	0.96	accepted_existing_match	Existing source_items.matched_work_id retained.
e017_tradjp_003_classical_japanese_poetic_tradition_man_yoshu	e017_columbia_traditional_japanese_lit_2007	Man'yoshu	Classical Japanese poetic tradition	work_candidate_manyoshu	Man'yoshu	Classical Japanese poetic tradition	preexisting_represented_by_selection	preexisting	yes	0.98	accepted_existing_match	Existing source_items.matched_work_id retained.
e017_tradjp_004_keikai_record_of_miraculous_events_in_japan	e017_columbia_traditional_japanese_lit_2007	Record of Miraculous Events in Japan	Keikai	work_candidate_eastasia_lit_nihon_ryoiki	Nihon Ryoiki	Kyokai	preexisting_represented_by_selection	preexisting	no	0.93	accepted_existing_match	Existing source_items.matched_work_id retained.
e017_tradjp_005_ki_no_tsurayuki_and_japanese_court_compilers_kokinshu	e017_columbia_traditional_japanese_lit_2007	Kokinshu	Ki no Tsurayuki and Japanese court compilers	work_candidate_kokinshu	Kokinshu / Collection of Japanese Poems Ancient and Modern	Ki no Tsurayuki and Japanese court compilers	preexisting_represented_by_selection	preexisting	yes	0.98	accepted_existing_match	Existing source_items.matched_work_id retained.
e017_tradjp_006_heian_court_tale_tradition_the_tale_of_the_bamboo_cutter	e017_columbia_traditional_japanese_lit_2007	The Tale of the Bamboo Cutter	Heian court tale tradition	work_candidate_tale_of_bamboo_cutter	The Tale of the Bamboo Cutter	Anonymous	preexisting_represented_by_selection	preexisting	unknown	0.98	accepted_existing_match	Existing source_items.matched_work_id retained.
e017_tradjp_007_heian_court_narrative_tradition_the_tales_of_ise	e017_columbia_traditional_japanese_lit_2007	The Tales of Ise	Heian court narrative tradition	work_candidate_global_lit_ise_monogatari	The Tales of Ise	Heian court narrative tradition	preexisting_represented_by_selection	preexisting	yes	0.96	accepted_existing_match	Existing source_items.matched_work_id retained.
e017_tradjp_008_ki_no_tsurayuki_tosa_diary	e017_columbia_traditional_japanese_lit_2007	Tosa Diary	Ki no Tsurayuki	work_candidate_scale_lit_tosa_diary	The Tosa Diary	Ki no Tsurayuki	preexisting_represented_by_selection	preexisting	yes	0.98	accepted_existing_match	Existing source_items.matched_work_id retained.
e017_tradjp_009_mother_of_michitsuna_kagero_diary	e017_columbia_traditional_japanese_lit_2007	Kagero Diary	Mother of Michitsuna	work_candidate_scale_lit_kagero_diary	The Kagero Diary	Michitsuna's Mother	preexisting_represented_by_selection	preexisting	no	0.98	accepted_existing_match	Existing source_items.matched_work_id retained.
e017_tradjp_010_sei_shonagon_the_pillow_book	e017_columbia_traditional_japanese_lit_2007	The Pillow Book	Sei Shonagon	work_canon_pillow_book_sei_shonagon	The Pillow Book	Sei Shonagon	preexisting_represented_by_selection	preexisting	yes	0.99	accepted_existing_match	Existing source_items.matched_work_id retained.
e017_tradjp_011_murasaki_shikibu_the_tale_of_genji	e017_columbia_traditional_japanese_lit_2007	The Tale of Genji	Murasaki Shikibu	work_canon_tale_of_genji	The Tale of Genji	Murasaki Shikibu	preexisting_represented_by_selection	preexisting	yes	0.99	accepted_existing_match	Existing source_items.matched_work_id retained.
e017_tradjp_012_daughter_of_takasue_sarashina_diary	e017_columbia_traditional_japanese_lit_2007	Sarashina Diary	Daughter of Takasue	work_candidate_scale_lit_sarashina_diary	The Sarashina Diary	Sugawara no Takasue's Daughter	preexisting_represented_by_selection	preexisting	no	0.98	accepted_existing_match	Existing source_items.matched_work_id retained.
e017_tradjp_013_konjaku_monogatari_tradition_collection_of_tales_of_times_now_past	e017_columbia_traditional_japanese_lit_2007	Collection of Tales of Times Now Past	Konjaku Monogatari tradition	work_candidate_eastasia_lit_konjaku_monogatari	Konjaku Monogatari	Japanese setsuwa compilation tradition	preexisting_represented_by_selection	preexisting	no	0.94	accepted_existing_match	Existing source_items.matched_work_id retained.
e017_tradjp_014_japanese_imperial_anthology_tradition_shinkokinshu	e017_columbia_traditional_japanese_lit_2007	Shinkokinshu	Japanese imperial anthology tradition	work_candidate_eastasia_lit_shinkokinshu	Shinkokinshu	Japanese imperial anthology tradition	preexisting_represented_by_selection	preexisting	yes	0.98	accepted_existing_match	Existing source_items.matched_work_id retained.
e017_tradjp_015_kamo_no_chomei_hojoki	e017_columbia_traditional_japanese_lit_2007	Hojoki	Kamo no Chomei	work_candidate_hojoki	Hojoki	Kamo no Chomei	preexisting_represented_by_selection	preexisting	yes	0.98	accepted_existing_match	Existing source_items.matched_work_id retained.
e017_tradjp_016_japanese_medieval_narrative_tradition_the_tale_of_the_heike	e017_columbia_traditional_japanese_lit_2007	The Tale of the Heike	Japanese medieval narrative tradition	work_candidate_tale_of_heike	The Tale of the Heike	Japanese medieval narrative tradition	preexisting_represented_by_selection	preexisting	yes	0.98	accepted_existing_match	Existing source_items.matched_work_id retained.
e017_tradjp_017_yoshida_kenko_tsurezuregusa_essays_in_idleness	e017_columbia_traditional_japanese_lit_2007	Tsurezuregusa / Essays in Idleness	Yoshida Kenko	work_candidate_tsurezuregusa	Tsurezuregusa / Essays in Idleness	Yoshida Kenko	preexisting_represented_by_selection	preexisting	yes	0.96	accepted_existing_match	Existing source_items.matched_work_id retained.
e017_tradjp_018_japanese_medieval_war_chronicle_tradition_taiheiki	e017_columbia_traditional_japanese_lit_2007	Taiheiki	Japanese medieval war chronicle tradition	work_candidate_eastasia_lit_taiheiki	Taiheiki	Japanese medieval war chronicle tradition	preexisting_represented_by_selection	preexisting	yes	0.98	accepted_existing_match	Existing source_items.matched_work_id retained.
e017_tradjp_019_noh_theater_tradition_sumida_river	e017_columbia_traditional_japanese_lit_2007	Sumida River	Noh theater tradition	work_candidate_scale_lit_sumida_river	Sumida River	Noh theater tradition	preexisting_represented_by_selection	preexisting	yes	0.98	accepted_existing_match	Existing source_items.matched_work_id retained.
e017_tradjp_020_zeami_teachings_on_style_and_the_flower	e017_columbia_traditional_japanese_lit_2007	Teachings on Style and the Flower	Zeami	work_candidate_wave005_fushikaden	Fushikaden / The Flowering Spirit	Zeami	preexisting_represented_by_selection	preexisting	yes	0.90	accepted_existing_match	Existing source_items.matched_work_id retained.
e018_cmkf_2005_002_potatoes	e018_columbia_modern_korean_fiction_2005	Potatoes	Kim Tongin	work_candidate_eastasia_lit_potato	Potato	Kim Dong-in	preexisting_matched_current_path	preexisting	no	0.95	accepted_existing_match	Existing source_items.matched_work_id retained.
e018_cmkf_2005_004_the_shaman_painting	e018_columbia_modern_korean_fiction_2005	The Shaman Painting	Kim Tongni	work_candidate_eastasia_lit_shaman_sorceress	The Shaman Sorceress	Kim Tongni	preexisting_matched_current_path	preexisting	yes	0.96	accepted_existing_match	Existing source_items.matched_work_id retained.
e018_cmkf_2005_006_wings	e018_columbia_modern_korean_fiction_2005	Wings	Yi Sang	work_candidate_global_lit_wings_yi_sang	Wings	Yi Sang	preexisting_matched_current_path	preexisting	yes	1.00	accepted_existing_match	Existing source_items.matched_work_id retained.
e018_pkprose2018_041_song_hungbo	e018_columbia_premodern_korean_prose_2018	Song of Hungbo (Hungpo-ga, excerpt)	Korean p'ansori tradition	work_candidate_scale_lit_tale_heungbu	Heungbujeon	Korean pansori and prose tradition	preexisting_represented_by_selection	preexisting	no	0.92	accepted_existing_match	Existing source_items.matched_work_id retained.
e018_pkprose2018_042_song_sim_chong	e018_columbia_premodern_korean_prose_2018	Song of Sim Chong (Sim Chong-ga, excerpt)	Korean p'ansori tradition	work_candidate_scale_lit_tale_sim_cheong	Simcheongjeon	Korean pansori and prose tradition	preexisting_represented_by_selection	preexisting	no	0.92	accepted_existing_match	Existing source_items.matched_work_id retained.
e018_pkprose2018_043_song_chunhyang	e018_columbia_premodern_korean_prose_2018	Song of Ch'unhyang (Ch'unhyang-ga, excerpt)	Korean p'ansori tradition	work_candidate_chunhyangjeon	Chunhyangjeon / The Tale of Chunhyang	Korean pansori and fiction tradition	preexisting_represented_by_selection	preexisting	no	0.93	accepted_existing_match	Existing source_items.matched_work_id retained.
e018_ctkp2003_1_3_early_joseon_court_poetic_tradition_songs_of_flying_dragons	e018_columbia_traditional_korean_poetry_2003	Songs of Flying Dragons	Early Joseon court poetic tradition	work_candidate_global_lit_songs_flying_dragons	Songs of Flying Dragons	Early Joseon court poetic tradition	preexisting_matched_current_path	preexisting	yes	0.97	accepted_existing_match	Existing source_items.matched_work_id retained.
icelandic_saga_database_brennu_njals_saga	icelandic_saga_database	The Story of Burnt Njal / Brennu-Njals saga	Icelandic saga tradition; tr. George W. Dasent	work_candidate_njals_saga	Njal's Saga	Icelandic saga tradition	preexisting_matched_current_path	preexisting	yes	0.98	accepted_existing_match	Existing source_items.matched_work_id retained.
icelandic_saga_database_egils_saga	icelandic_saga_database	Egil's Saga / Egils saga Skalla-Grimssonar	Icelandic saga tradition; tr. W. C. Green	work_candidate_completion_lit_egils_saga	Egil's Saga	Icelandic saga tradition	preexisting_matched_current_path	preexisting	yes	0.98	accepted_existing_match	Existing source_items.matched_work_id retained.
loa_catalog_068_douglass_narrative	library_of_america_catalog	Narrative of the Life of Frederick Douglass, an American Slave	Frederick Douglass	work_candidate_bloom_reviewed_douglass_narrative	Narrative of the Life of Frederick Douglass	Frederick Douglass	preexisting_matched_current_path	preexisting	yes	0.98	accepted_existing_match	Existing source_items.matched_work_id retained.
loa_catalog_074_hurston_their_eyes	library_of_america_catalog	Their Eyes Were Watching God	Zora Neale Hurston	work_candidate_their_eyes_were_watching_god	Their Eyes Were Watching God	Zora Neale Hurston	preexisting_matched_current_path	preexisting	yes	0.98	accepted_existing_match	Existing source_items.matched_work_id retained.
loa_catalog_098_baldwin_fire_next_time	library_of_america_catalog	The Fire Next Time	James Baldwin	work_candidate_mandatory_baldwin_fire_next_time	The Fire Next Time	James Baldwin	preexisting_matched_current_path	preexisting	yes	0.98	accepted_existing_match	Existing source_items.matched_work_id retained.
loa_catalog_098_baldwin_notes_native_son	library_of_america_catalog	Notes of a Native Son	James Baldwin	work_candidate_mandatory_baldwin_notes_native_son	Notes of a Native Son	James Baldwin	preexisting_matched_current_path	preexisting	yes	0.98	accepted_existing_match	Existing source_items.matched_work_id retained.
loa_catalog_247_brown_clotel	library_of_america_catalog	Clotel; or, the President's Daughter	William Wells Brown	work_candidate_mandatory_clotel	Clotel	William Wells Brown	preexisting_matched_current_path	preexisting	yes	0.96	accepted_existing_match	Existing source_items.matched_work_id retained.
longman_1a_4e_beowulf	longman_brit_lit_middle_ages_1a_4e	BEOWULF	""	work_canon_beowulf	Beowulf	Old English poetic tradition	preexisting_matched_current_path	preexisting	unknown	0.95	accepted_existing_match	Existing source_items.matched_work_id retained.
norton_nael11e_vola_beowulf	norton_english_lit_11e_full_2024	Beowulf	""	work_canon_beowulf	Beowulf	Old English poetic tradition	preexisting_matched_current_path	preexisting	unknown	0.95	accepted_existing_match	Existing source_items.matched_work_id retained.
e015_omip1998_004_p_lankesh_kannada_mother	oxford_modern_indian_poetry_1998	Mother	P. Lankesh (Kannada)	work_candidate_mandatory_mother_gorky	Mother	Maxim Gorky	exact_normalized_title	exact	no	0.70	needs_match_review	Generated by exact normalized title/alias matching.
e015_omip1998_016_hira_bansode_marathi_woman	oxford_modern_indian_poetry_1998	Woman	Hira Bansode (Marathi)	work_candidate_wave004_sibilla_aleramo_a_woman	A Woman	Sibilla Aleramo	exact_normalized_title	exact	no	0.70	needs_match_review	Generated by exact normalized title/alias matching.
e015_omip1998_038_soubhagya_kumar_mishra_oriya_robinson_crusoe	oxford_modern_indian_poetry_1998	Robinson Crusoe	Soubhagya Kumar Mishra (Oriya)	work_candidate_scale_lit_robinson_crusoe	Robinson Crusoe	Daniel Defoe	exact_normalized_title	exact	no	0.70	needs_match_review	Generated by exact normalized title/alias matching.
e015_omip1998_047_k_satchidanandan_malaylm_genesis	oxford_modern_indian_poetry_1998	Genesis	K. Satchidanandan (Malaylm)	work_candidate_me_lit_genesis	Genesis	Hebrew Bible / Tanakh narrative tradition	exact_normalized_title	exact	no	0.70	needs_match_review	Generated by exact normalized title/alias matching.
e015_omip1998_066_siddhalinga_pattanshetti_kannada_woman	oxford_modern_indian_poetry_1998	Woman	Siddhalinga Pattanshetti (Kannada)	work_candidate_wave004_sibilla_aleramo_a_woman	A Woman	Sibilla Aleramo	exact_normalized_title	exact	no	0.70	needs_match_review	Generated by exact normalized title/alias matching.
e015_omip1998_077_arun_kolatkar_marathi_the_alphabet	oxford_modern_indian_poetry_1998	The Alphabet	Arun Kolatkar (Marathi)	work_candidate_euro_under_lit_alphabet	Alphabet	Inger Christensen	exact_normalized_title	exact	no	0.70	needs_match_review	Generated by exact normalized title/alias matching.
e015_omip1998_080_nirmalprabha_bardoloi_assamese_dawn	oxford_modern_indian_poetry_1998	Dawn	Nirmalprabha Bardoloi (Assamese)	work_candidate_genre_lit_liliths_brood	Lilith's Brood	Octavia E. Butler	exact_alias	exact	no	0.70	needs_match_review	Generated by exact normalized title/alias matching.
e015_omip1998_089_buddhadeva_bose_bengali_frogs	oxford_modern_indian_poetry_1998	Frogs	Buddhadeva Bose (Bengali)	work_candidate_bloom_aristophanes_frogs	The Frogs	Aristophanes	exact_normalized_title	exact	no	0.70	needs_match_review	Generated by exact normalized title/alias matching.
oxford_owc_202512_0003	oxford_worlds_classics_online	Beowulf: The Fight at Finnsburh	Kevin Crossley-Holland; Heather O'Donoghue	work_canon_beowulf	Beowulf	Old English poetic tradition	preexisting_matched_current_path	preexisting	no	0.95	accepted_existing_match	Existing source_items.matched_work_id retained.
philobiblon_biteca_texid_1112_curial	philobiblon_iberian_romance	Curial e Guelfa	Desconegut	work_candidate_source_philobiblon_curial_e_guelfa	Curial e Guelfa	Anonymous Catalan tradition	preexisting_matched_candidate	preexisting	unknown	0.70	accepted_existing_match	Existing source_items.matched_work_id retained.
philobiblon_biteca_texid_1754_tirant	philobiblon_iberian_romance	Tirant lo Blanc	Joanot Martorell, Cavaller	work_candidate_euro_under_lit_tirant_lo_blanc	Tirant lo Blanc	Joanot Martorell	preexisting_matched_current_path	preexisting	yes	0.99	accepted_existing_match	Existing source_items.matched_work_id retained.
princeton_damrosch_2003_ch01_gilgameshs_quest	princeton_damrosch_world_literature_2003	Gilgamesh's Quest	David Damrosch	work_canon_epic_of_gilgamesh	Epic of Gilgamesh	Mesopotamian scribal tradition	preexisting_matched_current_path	preexisting	no	0.80	accepted_existing_match	Existing source_items.matched_work_id retained.
princeton_humseq_2024_near_eastern_005	princeton_humanities_sequences_2024	The Qur'an: A New Translation	M.A.S. Abdel Haleem	work_canon_quran	Qur'an	Islamic scripture	preexisting_matched_current_path	preexisting	no	0.85	accepted_existing_match	Existing source_items.matched_work_id retained.
princeton_humseq_2024_western_002	princeton_humanities_sequences_2024	The Odyssey	Homer	work_canon_odyssey	Odyssey	Homeric epic tradition	preexisting_matched_current_path	preexisting	yes	1.00	accepted_existing_match	Existing source_items.matched_work_id retained.
