rank	title	total_question_count	tier	creator_source	creator_confidence	creators	risk_level	risk_reasons	suggested_action
1139	Confessions	58	qb_major	quizbowl_author_answerline	medium	Saint Augustine of Hippo	high	quizbowl_author_answerline_creator	Replace with reviewed/manual/Wikidata creator or suppress from default path.
2231	Life on Mars	57	qb_major	quizbowl_author_answerline	medium	David Bowie	high	quizbowl_author_answerline_creator	Replace with reviewed/manual/Wikidata creator or suppress from default path.
2219	The House on Eccles Street	55	qb_major	quizbowl_author_answerline	medium	John Maxwell Coetzee	high	quizbowl_author_answerline_creator	Replace with reviewed/manual/Wikidata creator or suppress from default path.
1215	Jerusalem	54	qb_major	quizbowl_author_answerline	medium	Moses Mendelssohn	high	quizbowl_author_answerline_creator	Replace with reviewed/manual/Wikidata creator or suppress from default path.
2287	The Necessity of Atheism	48	qb_major	quizbowl_author_answerline	medium	Percy Bysshe Shelley	high	quizbowl_author_answerline_creator	Replace with reviewed/manual/Wikidata creator or suppress from default path.
2364	The Sonnets to Orpheus and the Duino Elegies	47	qb_major	quizbowl_author_answerline	medium	Rainer Maria Rilke	high	quizbowl_author_answerline_creator	Replace with reviewed/manual/Wikidata creator or suppress from default path.
2391	Tales of My Landlord	47	qb_major	quizbowl_author_answerline	medium	Sir Walter Scott, 1st Baronet	high	quizbowl_author_answerline_creator; answerline_fragment_creator	Replace with reviewed/manual/Wikidata creator or suppress from default path.
2026	Maria Stuart	45	qb_major	quizbowl_author_answerline	low	Johann Christoph Friedrich von Schiller	high	quizbowl_author_answerline_creator; low_confidence_creator	Replace with reviewed/manual/Wikidata creator or suppress from default path.
2018	Every Man in His Humor	44	qb_major	quizbowl_author_answerline	medium	Ben Jonson	high	quizbowl_author_answerline_creator	Replace with reviewed/manual/Wikidata creator or suppress from default path.
2128	Saturnine Poems	44	qb_major	quizbowl_author_answerline	medium	Paul Verlaine	high	quizbowl_author_answerline_creator	Replace with reviewed/manual/Wikidata creator or suppress from default path.
2401	Eagle or Sun	44	qb_major	quizbowl_author_answerline	low	The Traps of Faith	high	quizbowl_author_answerline_creator; low_confidence_creator	Replace with reviewed/manual/Wikidata creator or suppress from default path.
2477	Homage to Sextus Propertius	44	qb_major	quizbowl_author_answerline	low	Ezra Pound	high	quizbowl_author_answerline_creator; low_confidence_creator	Replace with reviewed/manual/Wikidata creator or suppress from default path.
2513	Roman de Brut	44	qb_contextual	quizbowl_author_answerline	low	King Arthur	high	quizbowl_author_answerline_creator; low_confidence_creator	Replace with reviewed/manual/Wikidata creator or suppress from default path.
2353	The Boys from Brazil	42	qb_major	quizbowl_author_answerline	medium	Ira Levin	high	quizbowl_author_answerline_creator	Replace with reviewed/manual/Wikidata creator or suppress from default path.
2420	Hymn to the Pillory	42	qb_major	quizbowl_author_answerline	low	Daniel Defoe(1660-1731)	high	quizbowl_author_answerline_creator; low_confidence_creator; answerline_fragment_creator	Replace with reviewed/manual/Wikidata creator or suppress from default path.
2521	West-Eastern Divan	42	qb_contextual	quizbowl_author_answerline	medium	Johann Wolfgang von Goethe	high	quizbowl_author_answerline_creator	Replace with reviewed/manual/Wikidata creator or suppress from default path.
2573	The Banana Trilogy	42	qb_contextual	quizbowl_author_answerline	medium	Pablo Neruda	high	quizbowl_author_answerline_creator	Replace with reviewed/manual/Wikidata creator or suppress from default path.
2598	Our America	42	qb_contextual	quizbowl_author_answerline	low	José Julián Martı́ Pérez	high	quizbowl_author_answerline_creator; low_confidence_creator	Replace with reviewed/manual/Wikidata creator or suppress from default path.
2469	The Awful Rowing Toward God	41	qb_major	quizbowl_author_answerline	medium	Anne Sexton	high	quizbowl_author_answerline_creator	Replace with reviewed/manual/Wikidata creator or suppress from default path.
2497	The Life of Samuel Johnson	40	qb_major	quizbowl_author_answerline	medium	James Boswell	high	quizbowl_author_answerline_creator	Replace with reviewed/manual/Wikidata creator or suppress from default path.
2540	Greek New Comedy	40	qb_contextual	quizbowl_author_answerline	medium	Menander	high	quizbowl_author_answerline_creator	Replace with reviewed/manual/Wikidata creator or suppress from default path.
2483	Women of Trachis	39	qb_major	quizbowl_author_answerline	medium	Greek Tragedies	high	quizbowl_author_answerline_creator; country_or_language_creator	Replace with reviewed/manual/Wikidata creator or suppress from default path.
2564	Decalogue of the Artist	39	qb_contextual	quizbowl_author_answerline	low	Gabriela Mistral	high	quizbowl_author_answerline_creator; low_confidence_creator	Replace with reviewed/manual/Wikidata creator or suppress from default path.
2527	Lift Every Voice and Sing	38	qb_contextual	quizbowl_author_answerline	low	James Weldon Johnson	high	quizbowl_author_answerline_creator; low_confidence_creator	Replace with reviewed/manual/Wikidata creator or suppress from default path.
2193	Back to Methuselah	37	qb_major	quizbowl_author_answerline	medium	George Bernard Shaw	high	quizbowl_author_answerline_creator	Replace with reviewed/manual/Wikidata creator or suppress from default path.
2537	Pictures from Brueghel	36	qb_contextual	quizbowl_author_answerline	low	William Carlos Williams	high	quizbowl_author_answerline_creator; low_confidence_creator	Replace with reviewed/manual/Wikidata creator or suppress from default path.
2605	The Sword and the Distaff	36	qb_contextual	quizbowl_author_answerline	low	William Gilmore Simms	high	quizbowl_author_answerline_creator; low_confidence_creator	Replace with reviewed/manual/Wikidata creator or suppress from default path.
2707	Five Weeks in a Balloon	36	qb_contextual	quizbowl_author_answerline	medium	Bonus Questions	high	quizbowl_author_answerline_creator; answerline_fragment_creator	Replace with reviewed/manual/Wikidata creator or suppress from default path.
2025	Hesperides	35	qb_major	quizbowl_author_answerline	medium	Robert Herrick	high	quizbowl_author_answerline_creator	Replace with reviewed/manual/Wikidata creator or suppress from default path.
2132	The Invention of Love	35	qb_major	quizbowl_author_answerline	low	Tom Stoppard	high	quizbowl_author_answerline_creator; low_confidence_creator	Replace with reviewed/manual/Wikidata creator or suppress from default path.
2563	The Conquest of Canaan	35	qb_contextual	quizbowl_author_answerline	low	Timothy Dwight IV	high	quizbowl_author_answerline_creator; low_confidence_creator	Replace with reviewed/manual/Wikidata creator or suppress from default path.
2701	The Art of Fiction	35	qb_contextual	quizbowl_author_answerline	low	Henry James	high	quizbowl_author_answerline_creator; low_confidence_creator	Replace with reviewed/manual/Wikidata creator or suppress from default path.
2725	Ode to Anactoria	35	qb_contextual	quizbowl_author_answerline	low	Sappho	high	quizbowl_author_answerline_creator; low_confidence_creator; creator_matches_public_title	Replace with reviewed/manual/Wikidata creator or suppress from default path.
2102	The Water Babies	33	qb_major	quizbowl_author_answerline	low	Ireland	high	quizbowl_author_answerline_creator; low_confidence_creator; country_or_language_creator	Replace with reviewed/manual/Wikidata creator or suppress from default path.
2195	History of Plymouth Plantation	32	qb_major	quizbowl_author_answerline	medium	William Bradford	high	quizbowl_author_answerline_creator	Replace with reviewed/manual/Wikidata creator or suppress from default path.
2307	Tales of the South Pacific	32	qb_major	quizbowl_author_answerline	medium	James Michener	high	quizbowl_author_answerline_creator	Replace with reviewed/manual/Wikidata creator or suppress from default path.
2850	The Old Wives' Tale	32	qb_contextual	quizbowl_author_answerline	low	The Most Lamentable Roman Tragedy of Titus Andronicus	high	quizbowl_author_answerline_creator; low_confidence_creator	Replace with reviewed/manual/Wikidata creator or suppress from default path.
2864	Playing in the Dark	32	qb_contextual	quizbowl_author_answerline	low	Toni Morrison	high	quizbowl_author_answerline_creator; low_confidence_creator	Replace with reviewed/manual/Wikidata creator or suppress from default path.
3004	is How You Lose Her	32	qb_contextual	quizbowl_author_answerline	low	Junot Díaz	high	quizbowl_author_answerline_creator; low_confidence_creator	Replace with reviewed/manual/Wikidata creator or suppress from default path.
2045	The Catch	31	qb_major	quizbowl_author_answerline	low	Kenzaburo Oe	high	quizbowl_author_answerline_creator; low_confidence_creator	Replace with reviewed/manual/Wikidata creator or suppress from default path.
2330	The Spanish Gypsy	31	qb_major	quizbowl_author_answerline	medium	George Eliot	high	quizbowl_author_answerline_creator	Replace with reviewed/manual/Wikidata creator or suppress from default path.
2670	The Forced Marriage	31	qb_contextual	quizbowl_author_answerline	low	Aphra Behn	high	quizbowl_author_answerline_creator; low_confidence_creator	Replace with reviewed/manual/Wikidata creator or suppress from default path.
2712	The Marshes of Glynn	31	qb_contextual	quizbowl_author_answerline	low	Sidney Lanier	high	quizbowl_author_answerline_creator; low_confidence_creator	Replace with reviewed/manual/Wikidata creator or suppress from default path.
2811	Tales from a Troubled Land	31	qb_contextual	quizbowl_author_answerline	low	Alan Paton	high	quizbowl_author_answerline_creator; low_confidence_creator	Replace with reviewed/manual/Wikidata creator or suppress from default path.
2290	The Vision of Sir Launfal	30	qb_major	quizbowl_author_answerline	medium	James Russell Lowell	high	quizbowl_author_answerline_creator	Replace with reviewed/manual/Wikidata creator or suppress from default path.
2363	The Pisan Cantos	30	qb_major	quizbowl_author_answerline	medium	Ezra Weston Loomis Pound	high	quizbowl_author_answerline_creator	Replace with reviewed/manual/Wikidata creator or suppress from default path.
2410	Blindness and Insight	30	qb_major	quizbowl_author_answerline	medium	Paul de Man	high	quizbowl_author_answerline_creator	Replace with reviewed/manual/Wikidata creator or suppress from default path.
2833	The Second Mrs	30	qb_contextual	quizbowl_author_answerline	low	Arthur Wing Pinero	high	quizbowl_author_answerline_creator; low_confidence_creator	Replace with reviewed/manual/Wikidata creator or suppress from default path.
2175	The Storyteller	29	qb_major	quizbowl_author_answerline	low	"Jodi (Lynn) Picoult (""pih-KOH"")"	high	quizbowl_author_answerline_creator; low_confidence_creator	Replace with reviewed/manual/Wikidata creator or suppress from default path.
2324	The Flesh and the Spirit	29	qb_major	quizbowl_author_answerline	low	Anne Bradstreet	high	quizbowl_author_answerline_creator; low_confidence_creator	Replace with reviewed/manual/Wikidata creator or suppress from default path.
2419	The Servant of Two Masters	29	qb_major	quizbowl_author_answerline	low	Carlo Osvaldo Goldoni	high	quizbowl_author_answerline_creator; low_confidence_creator	Replace with reviewed/manual/Wikidata creator or suppress from default path.
2722	The Pension Grillparzer	29	qb_contextual	quizbowl_author_answerline	low	The World According to Garp	high	quizbowl_author_answerline_creator; low_confidence_creator; creator_matches_public_title	Replace with reviewed/manual/Wikidata creator or suppress from default path.
2814	The Lay of the Last Minstrel	29	qb_contextual	quizbowl_author_answerline	low	Sir Walter Scott	high	quizbowl_author_answerline_creator; low_confidence_creator	Replace with reviewed/manual/Wikidata creator or suppress from default path.
3064	The Cricket on the Hearth	29	qb_contextual	quizbowl_author_answerline	low	Cratchit family	high	quizbowl_author_answerline_creator; low_confidence_creator	Replace with reviewed/manual/Wikidata creator or suppress from default path.
2068	Conquistador	28	qb_major	quizbowl_author_answerline	medium	Archibald MacLeish	high	quizbowl_author_answerline_creator	Replace with reviewed/manual/Wikidata creator or suppress from default path.
2270	The Three-Cornered World	28	qb_major	quizbowl_author_answerline	low	Natsume Soseki	high	quizbowl_author_answerline_creator; low_confidence_creator	Replace with reviewed/manual/Wikidata creator or suppress from default path.
2301	The Book of Disquiet	28	qb_major	quizbowl_author_answerline	medium	Portugal	high	quizbowl_author_answerline_creator	Replace with reviewed/manual/Wikidata creator or suppress from default path.
2349	The Beautiful and the Damned	28	qb_major	quizbowl_author_answerline	low	F(rancis) Scott (Key) Fitzgerald	high	quizbowl_author_answerline_creator; low_confidence_creator	Replace with reviewed/manual/Wikidata creator or suppress from default path.
2853	The Couch of Eros	28	qb_contextual	quizbowl_author_answerline	low	Arcadia	high	quizbowl_author_answerline_creator; low_confidence_creator; creator_matches_public_title	Replace with reviewed/manual/Wikidata creator or suppress from default path.
2877	Songs of Life and Hope	28	qb_contextual	quizbowl_author_answerline	low	Ruben Dario	high	quizbowl_author_answerline_creator; low_confidence_creator	Replace with reviewed/manual/Wikidata creator or suppress from default path.
2964	The Pearl of Orr's Island	28	qb_contextual	quizbowl_author_answerline	low	Harriet Beecher Stowe	high	quizbowl_author_answerline_creator; low_confidence_creator	Replace with reviewed/manual/Wikidata creator or suppress from default path.
2174	Ichabod	27	qb_major	quizbowl_author_answerline	low	John Greenleaf Whittier	high	quizbowl_author_answerline_creator; low_confidence_creator	Replace with reviewed/manual/Wikidata creator or suppress from default path.
2435	Voyages	27	qb_major	quizbowl_author_answerline	medium	Hart Crane	high	quizbowl_author_answerline_creator	Replace with reviewed/manual/Wikidata creator or suppress from default path.
2455	Hadji Murad	27	qb_major	quizbowl_author_answerline	low	Leo Nikolayevich Tolstoy	high	quizbowl_author_answerline_creator; low_confidence_creator	Replace with reviewed/manual/Wikidata creator or suppress from default path.
2966	Howl and Other Poems	27	qb_contextual	quizbowl_author_answerline	low	Allen Ginsburg	high	quizbowl_author_answerline_creator; low_confidence_creator	Replace with reviewed/manual/Wikidata creator or suppress from default path.
3012	The Fair God	27	qb_contextual	quizbowl_author_answerline	low	Lew Wallace	high	quizbowl_author_answerline_creator; low_confidence_creator	Replace with reviewed/manual/Wikidata creator or suppress from default path.
3069	Slaughterhouse 5	27	qb_contextual	quizbowl_author_answerline	low	Kurt Vonnegut	high	quizbowl_author_answerline_creator; low_confidence_creator	Replace with reviewed/manual/Wikidata creator or suppress from default path.
2202	The Critic	26	qb_major	quizbowl_author_answerline	medium	Richard Brinsley Sheridan	high	quizbowl_author_answerline_creator	Replace with reviewed/manual/Wikidata creator or suppress from default path.
2472	La Comedie Humaine	26	qb_major	quizbowl_author_answerline	medium	Honore de Balzac	high	quizbowl_author_answerline_creator	Replace with reviewed/manual/Wikidata creator or suppress from default path.
3113	The Emperor of the Moon	26	qb_contextual	quizbowl_author_answerline	low	Aphra Behn	high	quizbowl_author_answerline_creator; low_confidence_creator	Replace with reviewed/manual/Wikidata creator or suppress from default path.
2058	Zazie in the Metro	25	qb_major	quizbowl_author_answerline	medium	surrealism	high	quizbowl_author_answerline_creator	Replace with reviewed/manual/Wikidata creator or suppress from default path.
2059	Pharsalia	25	qb_major	quizbowl_author_answerline	medium	Latin	high	quizbowl_author_answerline_creator; country_or_language_creator	Replace with reviewed/manual/Wikidata creator or suppress from default path.
2373	Thalaba the Destroyer	25	qb_major	quizbowl_author_answerline	medium	Robert Southey	high	quizbowl_author_answerline_creator	Replace with reviewed/manual/Wikidata creator or suppress from default path.
2418	Money	25	qb_major	quizbowl_author_answerline	medium	Kingsley Amis	high	quizbowl_author_answerline_creator	Replace with reviewed/manual/Wikidata creator or suppress from default path.
2532	Sketches by Boz	25	qb_contextual	quizbowl_author_answerline	low	Charles Dickens	high	quizbowl_author_answerline_creator; low_confidence_creator	Replace with reviewed/manual/Wikidata creator or suppress from default path.
2790	Drive Your Plow Over the Bones of the Dead	25	qb_contextual	quizbowl_author_answerline	low	Olga (Nawoja) Tokarczuk (“toh-KAR-chook”)	high	quizbowl_author_answerline_creator; low_confidence_creator	Replace with reviewed/manual/Wikidata creator or suppress from default path.
2395	Cinderella	24	qb_major	quizbowl_author_answerline	medium	Jules Massenet	high	quizbowl_author_answerline_creator	Replace with reviewed/manual/Wikidata creator or suppress from default path.
2471	Paradise	24	qb_major	quizbowl_author_answerline	medium	Toni Morrison	high	quizbowl_author_answerline_creator	Replace with reviewed/manual/Wikidata creator or suppress from default path.
3003	When We Were Very Young	24	qb_contextual	quizbowl_author_answerline	low	Alan Alexander Milne	high	quizbowl_author_answerline_creator; low_confidence_creator	Replace with reviewed/manual/Wikidata creator or suppress from default path.
2294	John	23	qb_major	quizbowl_author_answerline	medium	Zoltán Kodály (“KOH-dye”)	high	quizbowl_author_answerline_creator	Replace with reviewed/manual/Wikidata creator or suppress from default path.
2339	An die Freude	23	qb_major	quizbowl_author_answerline	medium	Friedrich von Schiller	high	quizbowl_author_answerline_creator	Replace with reviewed/manual/Wikidata creator or suppress from default path.
2616	Black Venus	23	qb_contextual	quizbowl_author_answerline	low	Charles BAUDELAIRE	high	quizbowl_author_answerline_creator; low_confidence_creator	Replace with reviewed/manual/Wikidata creator or suppress from default path.
2452	The Dream of a Ridiculous Man	22	qb_major	quizbowl_author_answerline	low	Fyodor Dostoevsky	high	quizbowl_author_answerline_creator; low_confidence_creator	Replace with reviewed/manual/Wikidata creator or suppress from default path.
3138	The Fisher of Men	22	qb_contextual	quizbowl_author_answerline	low	Yevgeny _Zamyatin	high	quizbowl_author_answerline_creator; low_confidence_creator	Replace with reviewed/manual/Wikidata creator or suppress from default path.
3255	Moran of the Lady Letty	22	qb_contextual	quizbowl_author_answerline	low	Frank Norris	high	quizbowl_author_answerline_creator; low_confidence_creator	Replace with reviewed/manual/Wikidata creator or suppress from default path.
2234	Jenny	21	qb_major	quizbowl_author_answerline	low	Sigrid Undset	high	quizbowl_author_answerline_creator; low_confidence_creator	Replace with reviewed/manual/Wikidata creator or suppress from default path.
2365	Nana	21	qb_major	quizbowl_author_answerline	medium	Emile Zola	high	quizbowl_author_answerline_creator	Replace with reviewed/manual/Wikidata creator or suppress from default path.
2760	Revelation	21	qb_contextual	quizbowl_author_answerline	low	St. JOHN The Apostle	high	quizbowl_author_answerline_creator; low_confidence_creator	Replace with reviewed/manual/Wikidata creator or suppress from default path.
3203	Leonce and Lena	21	qb_contextual	quizbowl_author_answerline	low	Danton’s Death	high	quizbowl_author_answerline_creator; low_confidence_creator	Replace with reviewed/manual/Wikidata creator or suppress from default path.
3294	The Good-Natured Man	21	qb_contextual	quizbowl_author_answerline	low	Oliver Wendell Goldsmith	high	quizbowl_author_answerline_creator; low_confidence_creator	Replace with reviewed/manual/Wikidata creator or suppress from default path.
3597	America Is in the Heart	21	qb_contextual	quizbowl_author_answerline	low	Filipinos	high	quizbowl_author_answerline_creator; low_confidence_creator	Replace with reviewed/manual/Wikidata creator or suppress from default path.
3006	Tenth of December	20	qb_contextual	quizbowl_author_answerline	low	George Saunders	high	quizbowl_author_answerline_creator; low_confidence_creator	Replace with reviewed/manual/Wikidata creator or suppress from default path.
3238	Set This House on Fire	20	qb_contextual	quizbowl_author_answerline	low	BONI	high	quizbowl_author_answerline_creator; low_confidence_creator	Replace with reviewed/manual/Wikidata creator or suppress from default path.
3358	The Passionate Pilgrim	20	qb_contextual	quizbowl_author_answerline	low	Henry James	high	quizbowl_author_answerline_creator; low_confidence_creator	Replace with reviewed/manual/Wikidata creator or suppress from default path.
2204	The Theatre and its Double	19	qb_contextual	quizbowl_author_answerline	low	Antonin ART AUD (are TOE)	high	quizbowl_author_answerline_creator; low_confidence_creator	Replace with reviewed/manual/Wikidata creator or suppress from default path.
2827	Lesbos	19	qb_contextual	quizbowl_author_answerline	medium	Sappho	high	quizbowl_author_answerline_creator; creator_matches_public_title	Replace with reviewed/manual/Wikidata creator or suppress from default path.
2830	Freedom	19	qb_contextual	quizbowl_author_answerline	medium	The Corrections	high	quizbowl_author_answerline_creator; creator_matches_public_title	Replace with reviewed/manual/Wikidata creator or suppress from default path.
2973	Cathay	19	qb_contextual	quizbowl_author_answerline	low	Li Po	high	quizbowl_author_answerline_creator; low_confidence_creator	Replace with reviewed/manual/Wikidata creator or suppress from default path.
3282	The Days of the Turbins	19	qb_contextual	quizbowl_author_answerline	low	Konstantin Stanislavski	high	quizbowl_author_answerline_creator; low_confidence_creator	Replace with reviewed/manual/Wikidata creator or suppress from default path.
3328	Journal to Stella	19	qb_contextual	quizbowl_author_answerline	low	Jonathan _Swife	high	quizbowl_author_answerline_creator; low_confidence_creator	Replace with reviewed/manual/Wikidata creator or suppress from default path.
3373	The People of the Cave	19	qb_contextual	quizbowl_author_answerline	low	Arab Republic of Egypt	high	quizbowl_author_answerline_creator; low_confidence_creator; country_or_language_creator; organization_or_place_creator	Replace with reviewed/manual/Wikidata creator or suppress from default path.
3375	Pleasures and Days	19	qb_contextual	quizbowl_author_answerline	low	Marcel Proust	high	quizbowl_author_answerline_creator; low_confidence_creator	Replace with reviewed/manual/Wikidata creator or suppress from default path.
4007	The Water Dancer	19	qb_contextual	quizbowl_author_answerline	low	black	high	quizbowl_author_answerline_creator; low_confidence_creator	Replace with reviewed/manual/Wikidata creator or suppress from default path.
2723	Democracy	18	qb_contextual	quizbowl_author_answerline	low	Michael Sandel	high	quizbowl_author_answerline_creator; low_confidence_creator	Replace with reviewed/manual/Wikidata creator or suppress from default path.
2919	Berenice	18	qb_contextual	quizbowl_author_answerline	low	Jean Racine	high	quizbowl_author_answerline_creator; low_confidence_creator	Replace with reviewed/manual/Wikidata creator or suppress from default path.
3057	Still Falls the Rain	18	qb_contextual	quizbowl_author_answerline	low	Dame Edith Louisa Sitwell	high	quizbowl_author_answerline_creator; low_confidence_creator	Replace with reviewed/manual/Wikidata creator or suppress from default path.
3318	The Littlepage Manuscripts	18	qb_contextual	quizbowl_author_answerline	low	James Fenimore Cooper	high	quizbowl_author_answerline_creator; low_confidence_creator	Replace with reviewed/manual/Wikidata creator or suppress from default path.
3410	Green Hills of Africa	18	qb_contextual	quizbowl_author_answerline	low	Ernest _Hemingway	high	quizbowl_author_answerline_creator; low_confidence_creator	Replace with reviewed/manual/Wikidata creator or suppress from default path.
3428	New Found Land	18	qb_contextual	quizbowl_author_answerline	low	Archibald McLeish	high	quizbowl_author_answerline_creator; low_confidence_creator	Replace with reviewed/manual/Wikidata creator or suppress from default path.
3450	Little Orphant Annie	18	qb_contextual	quizbowl_author_answerline	low	The Boating Party Luncheon	high	quizbowl_author_answerline_creator; low_confidence_creator	Replace with reviewed/manual/Wikidata creator or suppress from default path.
3455	The Decoration of Houses	18	qb_contextual	quizbowl_author_answerline	low	Edith Wharton	high	quizbowl_author_answerline_creator; low_confidence_creator	Replace with reviewed/manual/Wikidata creator or suppress from default path.
3496	Soliman and Perseda	18	qb_contextual	quizbowl_author_answerline	low	Thomas Kyd	high	quizbowl_author_answerline_creator; low_confidence_creator	Replace with reviewed/manual/Wikidata creator or suppress from default path.
3569	Twenty-One Love Poems	18	qb_contextual	quizbowl_author_answerline	low	Emily Dickinson	high	quizbowl_author_answerline_creator; low_confidence_creator	Replace with reviewed/manual/Wikidata creator or suppress from default path.
3635	De Vulgari Eloquentia	18	qb_contextual	quizbowl_author_answerline	low	Dante Alighieri	high	quizbowl_author_answerline_creator; low_confidence_creator	Replace with reviewed/manual/Wikidata creator or suppress from default path.
3471	Voyage in the Dark	17	qb_contextual	quizbowl_author_answerline	low	Jean Rhys	high	quizbowl_author_answerline_creator; low_confidence_creator	Replace with reviewed/manual/Wikidata creator or suppress from default path.
3477	The House of Earth	17	qb_contextual	quizbowl_author_answerline	low	Pearl S. Buck	high	quizbowl_author_answerline_creator; low_confidence_creator	Replace with reviewed/manual/Wikidata creator or suppress from default path.
3547	The Buenos Aires Affair	17	qb_contextual	quizbowl_author_answerline	low	Argentina	high	quizbowl_author_answerline_creator; low_confidence_creator; country_or_language_creator	Replace with reviewed/manual/Wikidata creator or suppress from default path.
3586	The Algebra of Infinite Justice	17	qb_contextual	quizbowl_author_answerline	low	(Suzanna) Arundhati Roy	high	quizbowl_author_answerline_creator; low_confidence_creator	Replace with reviewed/manual/Wikidata creator or suppress from default path.
3528	If I Die in a Combat Zone	16	qb_contextual	quizbowl_author_answerline	low	Tim O'Brien	high	quizbowl_author_answerline_creator; low_confidence_creator	Replace with reviewed/manual/Wikidata creator or suppress from default path.
3699	Death of a Travelling Salesman	16	qb_contextual	quizbowl_author_answerline	low	Eudora WELTY	high	quizbowl_author_answerline_creator; low_confidence_creator	Replace with reviewed/manual/Wikidata creator or suppress from default path.
3702	An Elegy on the Death of a Mad Dog	16	qb_contextual	quizbowl_author_answerline	low	Oliver Goldsmith	high	quizbowl_author_answerline_creator; low_confidence_creator	Replace with reviewed/manual/Wikidata creator or suppress from default path.
3707	Love and Pedagogy	16	qb_contextual	quizbowl_author_answerline	medium	Spanish Civil War	high	quizbowl_author_answerline_creator; country_or_language_creator	Replace with reviewed/manual/Wikidata creator or suppress from default path.
2566	Ithaca	15	qb_contextual	quizbowl_author_answerline	low	Constantine Cavafy (“cuh-vah-fee”)	high	quizbowl_author_answerline_creator; low_confidence_creator	Replace with reviewed/manual/Wikidata creator or suppress from default path.
2956	Europe Central	15	qb_contextual	quizbowl_author_answerline	low	the theory that William Vollmann was the Unabomber	high	quizbowl_author_answerline_creator; low_confidence_creator	Replace with reviewed/manual/Wikidata creator or suppress from default path.
2997	The Pardoner’s Tale	15	qb_contextual	quizbowl_author_answerline	low	John Wain	high	quizbowl_author_answerline_creator; low_confidence_creator	Replace with reviewed/manual/Wikidata creator or suppress from default path.
2552	Argonautica	14	qb_contextual	quizbowl_author_answerline	low	Appolonius of Rhodes	high	quizbowl_author_answerline_creator; low_confidence_creator	Replace with reviewed/manual/Wikidata creator or suppress from default path.
3011	The Postman	14	qb_contextual	quizbowl_author_answerline	low	Antonio - Skarmetaa	high	quizbowl_author_answerline_creator; low_confidence_creator	Replace with reviewed/manual/Wikidata creator or suppress from default path.
3235	The Vivisector	14	qb_contextual	quizbowl_author_answerline	medium	Australia	high	quizbowl_author_answerline_creator; country_or_language_creator	Replace with reviewed/manual/Wikidata creator or suppress from default path.
3292	Distant Star	14	qb_contextual	quizbowl_author_answerline	medium	the 1973 Chilean coup d’etat	high	quizbowl_author_answerline_creator; answerline_fragment_creator	Replace with reviewed/manual/Wikidata creator or suppress from default path.
3724	Anecdotes of Destiny	14	qb_contextual	quizbowl_author_answerline	low	Isak Dinesen (also	high	quizbowl_author_answerline_creator; low_confidence_creator	Replace with reviewed/manual/Wikidata creator or suppress from default path.
3739	The Vision of Columbus	14	qb_contextual	quizbowl_author_answerline	medium	Joel Barlow(1754-1812)	high	quizbowl_author_answerline_creator; answerline_fragment_creator	Replace with reviewed/manual/Wikidata creator or suppress from default path.
3827	Trans-Atlantyk	14	qb_contextual	quizbowl_author_answerline	low	Witold Gombrowicz	high	quizbowl_author_answerline_creator; low_confidence_creator	Replace with reviewed/manual/Wikidata creator or suppress from default path.
3884	The Brothers Karamazov and The Idiot	14	qb_contextual	quizbowl_author_answerline	low	Fyodor Mikhaylovich Dostoyevsky	high	quizbowl_author_answerline_creator; low_confidence_creator	Replace with reviewed/manual/Wikidata creator or suppress from default path.
2958	The Lake	13	qb_contextual	quizbowl_author_answerline	low	Kawabata Yusanari	high	quizbowl_author_answerline_creator; low_confidence_creator	Replace with reviewed/manual/Wikidata creator or suppress from default path.
3070	Flights	13	qb_contextual	quizbowl_author_answerline	medium	Republic of Poland	high	quizbowl_author_answerline_creator; country_or_language_creator; organization_or_place_creator	Replace with reviewed/manual/Wikidata creator or suppress from default path.
3675	The Children of Hurin	13	qb_contextual	quizbowl_author_answerline	low	JRR _Tolkein	high	quizbowl_author_answerline_creator; low_confidence_creator	Replace with reviewed/manual/Wikidata creator or suppress from default path.
3822	The Bread Winners	13	qb_contextual	quizbowl_author_answerline	low	John Hay	high	quizbowl_author_answerline_creator; low_confidence_creator	Replace with reviewed/manual/Wikidata creator or suppress from default path.
3890	The Testament of Beauty	13	qb_contextual	quizbowl_author_answerline	low	Robert Bridges	high	quizbowl_author_answerline_creator; low_confidence_creator	Replace with reviewed/manual/Wikidata creator or suppress from default path.
3027	MacFlecknoe	12	qb_contextual	quizbowl_author_answerline	medium	John	high	quizbowl_author_answerline_creator; creator_matches_public_title	Replace with reviewed/manual/Wikidata creator or suppress from default path.
3348	Typhoon	12	qb_contextual	quizbowl_author_answerline	medium	Lord Jim	high	quizbowl_author_answerline_creator; creator_matches_public_title	Replace with reviewed/manual/Wikidata creator or suppress from default path.
3353	The Clansman	12	qb_contextual	quizbowl_author_answerline	low	The Birth of a Nation	high	quizbowl_author_answerline_creator; low_confidence_creator; organization_or_place_creator	Replace with reviewed/manual/Wikidata creator or suppress from default path.
3394	Open House	12	qb_contextual	quizbowl_author_answerline	low	Theodore _Roethke	high	quizbowl_author_answerline_creator; low_confidence_creator	Replace with reviewed/manual/Wikidata creator or suppress from default path.
3544	Prothalamion	12	qb_contextual	quizbowl_author_answerline	low	Edmund Spenser	high	quizbowl_author_answerline_creator; low_confidence_creator	Replace with reviewed/manual/Wikidata creator or suppress from default path.
3957	Against Sainte-Beuve	12	qb_contextual	quizbowl_author_answerline	low	Marcel Proust	high	quizbowl_author_answerline_creator; low_confidence_creator	Replace with reviewed/manual/Wikidata creator or suppress from default path.
4049	The End of Imagination	12	qb_contextual	quizbowl_author_answerline	low	Arundhati Roy	high	quizbowl_author_answerline_creator; low_confidence_creator	Replace with reviewed/manual/Wikidata creator or suppress from default path.
4062	Plays (*) Unpleasant	12	qb_contextual	quizbowl_author_answerline	low	Mrs Warren’s Profession	high	quizbowl_author_answerline_creator; low_confidence_creator; creator_matches_public_title	Replace with reviewed/manual/Wikidata creator or suppress from default path.
3564	Angels	11	qb_contextual	quizbowl_author_answerline	low	30 pts	high	quizbowl_author_answerline_creator; low_confidence_creator; answerline_fragment_creator	Replace with reviewed/manual/Wikidata creator or suppress from default path.
3730	Red Sorghum Clan	11	qb_contextual	quizbowl_author_answerline	medium	People’s Republic of China	high	quizbowl_author_answerline_creator; organization_or_place_creator	Replace with reviewed/manual/Wikidata creator or suppress from default path.
3983	The Blacks and The Balcony	11	qb_contextual	quizbowl_author_answerline	low	Jean Genet (john juh-NAY)	high	quizbowl_author_answerline_creator; low_confidence_creator	Replace with reviewed/manual/Wikidata creator or suppress from default path.
4137	The Books of Jacob	11	qb_contextual	quizbowl_author_answerline	low	Polish	high	quizbowl_author_answerline_creator; low_confidence_creator; country_or_language_creator	Replace with reviewed/manual/Wikidata creator or suppress from default path.
3145	The Birth of Tragedy from the Spirit of Music	10	qb_contextual	quizbowl_author_answerline	low	Friedrich Nietzsche	high	quizbowl_author_answerline_creator; low_confidence_creator	Replace with reviewed/manual/Wikidata creator or suppress from default path.
3337	Ferdydurke	10	qb_contextual	quizbowl_author_answerline	medium	Republic of Poland	high	quizbowl_author_answerline_creator; country_or_language_creator; organization_or_place_creator	Replace with reviewed/manual/Wikidata creator or suppress from default path.
3456	The Door	10	qb_contextual	quizbowl_author_answerline	low	Hungary	high	quizbowl_author_answerline_creator; low_confidence_creator	Replace with reviewed/manual/Wikidata creator or suppress from default path.
3517	El Gran Galeoto	10	qb_contextual	quizbowl_author_answerline	low	José Echegaray	high	quizbowl_author_answerline_creator; low_confidence_creator	Replace with reviewed/manual/Wikidata creator or suppress from default path.
3833	Ode to a Nightengale	10	qb_contextual	quizbowl_author_answerline	low	John Keats	high	quizbowl_author_answerline_creator; low_confidence_creator	Replace with reviewed/manual/Wikidata creator or suppress from default path.
4009	Pleasures and Regrets	10	qb_contextual	quizbowl_author_answerline	low	Marcel Proust	high	quizbowl_author_answerline_creator; low_confidence_creator	Replace with reviewed/manual/Wikidata creator or suppress from default path.
4106	Mercy of a Rude Stream	10	qb_contextual	quizbowl_author_answerline	medium	Call It Sleep	high	quizbowl_author_answerline_creator; creator_matches_public_title	Replace with reviewed/manual/Wikidata creator or suppress from default path.
4111	Outre-Mer	10	qb_contextual	quizbowl_author_answerline	low	H.W. Longfellow (1807-1882)	high	quizbowl_author_answerline_creator; low_confidence_creator; answerline_fragment_creator	Replace with reviewed/manual/Wikidata creator or suppress from default path.
4227	Reflections on Ice-Breaking	10	qb_contextual	quizbowl_author_answerline	low	Ogden Nash	high	quizbowl_author_answerline_creator; low_confidence_creator	Replace with reviewed/manual/Wikidata creator or suppress from default path.
3550	La Modification	9	qb_contextual	quizbowl_author_answerline	low	Michel Butor	high	quizbowl_author_answerline_creator; low_confidence_creator	Replace with reviewed/manual/Wikidata creator or suppress from default path.
3554	Jurgen	9	qb_contextual	quizbowl_author_answerline	low	James Branch Cabell	high	quizbowl_author_answerline_creator; low_confidence_creator	Replace with reviewed/manual/Wikidata creator or suppress from default path.
3709	The House of Ulloa	9	qb_contextual	quizbowl_author_answerline	low	naturalism	high	quizbowl_author_answerline_creator; low_confidence_creator	Replace with reviewed/manual/Wikidata creator or suppress from default path.
4083	Three Hours After Marriage	9	qb_contextual	quizbowl_author_answerline	low	John Gay	high	quizbowl_author_answerline_creator; low_confidence_creator	Replace with reviewed/manual/Wikidata creator or suppress from default path.
4166	The Choir Invisible	9	qb_contextual	quizbowl_author_answerline	low	James Lane ALLEN	high	quizbowl_author_answerline_creator; low_confidence_creator	Replace with reviewed/manual/Wikidata creator or suppress from default path.
4225	The Garden of Epicurus	9	qb_contextual	quizbowl_author_answerline	low	Anatole France	high	quizbowl_author_answerline_creator; low_confidence_creator; country_or_language_creator	Replace with reviewed/manual/Wikidata creator or suppress from default path.
4275	The Fountain of Bakhchisaray	9	qb_contextual	quizbowl_author_answerline	low	Alexander Pushkin	high	quizbowl_author_answerline_creator; low_confidence_creator	Replace with reviewed/manual/Wikidata creator or suppress from default path.
4294	Prayer to Masks	9	qb_contextual	quizbowl_author_answerline	medium	Republic of Senegal	high	quizbowl_author_answerline_creator; organization_or_place_creator	Replace with reviewed/manual/Wikidata creator or suppress from default path.
4333	Saving Fish from Drowning	9	qb_contextual	quizbowl_author_answerline	medium	Chinese-Americans	high	quizbowl_author_answerline_creator; country_or_language_creator	Replace with reviewed/manual/Wikidata creator or suppress from default path.
3648	Ugetsu Monogatari	8	qb_contextual	quizbowl_author_answerline	low	ghost stories	high	quizbowl_author_answerline_creator; low_confidence_creator	Replace with reviewed/manual/Wikidata creator or suppress from default path.
4217	The Fool in Christ	8	qb_contextual	quizbowl_author_answerline	low	Gerhardt Hauptmann	high	quizbowl_author_answerline_creator; low_confidence_creator	Replace with reviewed/manual/Wikidata creator or suppress from default path.
4224	The Good Soldier and Parade's End	8	qb_contextual	quizbowl_author_answerline	low	Ford Madox Ford or Ford Madox Hueffer	high	quizbowl_author_answerline_creator; low_confidence_creator	Replace with reviewed/manual/Wikidata creator or suppress from default path.
4329	Frontiers of War	8	qb_contextual	quizbowl_author_answerline	low	The Golden Notebook	high	quizbowl_author_answerline_creator; low_confidence_creator; creator_matches_public_title	Replace with reviewed/manual/Wikidata creator or suppress from default path.
4435	The Autograph Man	8	qb_contextual	quizbowl_author_answerline	low	Feel Free	high	quizbowl_author_answerline_creator; low_confidence_creator; creator_matches_public_title	Replace with reviewed/manual/Wikidata creator or suppress from default path.
3798	The Underdogs	7	qb_contextual	quizbowl_author_answerline	low	Carlos Fuentes Macias	high	quizbowl_author_answerline_creator; low_confidence_creator	Replace with reviewed/manual/Wikidata creator or suppress from default path.
3975	The Imposter	7	qb_contextual	quizbowl_author_answerline	low	banjo	high	quizbowl_author_answerline_creator; low_confidence_creator	Replace with reviewed/manual/Wikidata creator or suppress from default path.
3984	Passing	7	qb_contextual	quizbowl_author_answerline	low	Nella Larsen	high	quizbowl_author_answerline_creator; low_confidence_creator	Replace with reviewed/manual/Wikidata creator or suppress from default path.
4112	The Midwich Cuckoos	7	qb_contextual	quizbowl_author_answerline	low	John Wyndham	high	quizbowl_author_answerline_creator; low_confidence_creator	Replace with reviewed/manual/Wikidata creator or suppress from default path.
4317	The Liar	7	qb_contextual	quizbowl_author_answerline	low	Pierre Corneille (“cor-NAY”)	high	quizbowl_author_answerline_creator; low_confidence_creator	Replace with reviewed/manual/Wikidata creator or suppress from default path.
4419	Fire the Bastards	7	qb_contextual	quizbowl_author_answerline	medium	The Recognitions	high	quizbowl_author_answerline_creator; creator_matches_public_title	Replace with reviewed/manual/Wikidata creator or suppress from default path.
4420	The Boat of Longing	7	qb_contextual	quizbowl_author_answerline	low	Ole Rolvaag	high	quizbowl_author_answerline_creator; low_confidence_creator	Replace with reviewed/manual/Wikidata creator or suppress from default path.
4606	The Hunted Enchanters	7	qb_contextual	quizbowl_author_answerline	low	Lolita Haze	high	quizbowl_author_answerline_creator; low_confidence_creator	Replace with reviewed/manual/Wikidata creator or suppress from default path.
4130	Sonnets from the Portugese	6	qb_contextual	quizbowl_author_answerline	low	Elizabeth Barrett Browning	high	quizbowl_author_answerline_creator; low_confidence_creator	Replace with reviewed/manual/Wikidata creator or suppress from default path.
4339	The Book of Night Women	6	qb_contextual	quizbowl_author_answerline	low	Jamaica	high	quizbowl_author_answerline_creator; low_confidence_creator	Replace with reviewed/manual/Wikidata creator or suppress from default path.
4602	The Anti-Pamela	6	qb_contextual	quizbowl_author_answerline	low	Eliza Haywood	high	quizbowl_author_answerline_creator; low_confidence_creator	Replace with reviewed/manual/Wikidata creator or suppress from default path.
4626	Leaving a Doll	6	qb_contextual	quizbowl_author_answerline	low	Bloom	high	quizbowl_author_answerline_creator; low_confidence_creator	Replace with reviewed/manual/Wikidata creator or suppress from default path.
4629	Symphony in White Major	6	qb_contextual	quizbowl_author_answerline	low	Theophile Gautier	high	quizbowl_author_answerline_creator; low_confidence_creator	Replace with reviewed/manual/Wikidata creator or suppress from default path.
4607	Sonata for a Good Man	5	qb_contextual	quizbowl_author_answerline	low	The Lives of Others	high	quizbowl_author_answerline_creator; low_confidence_creator	Replace with reviewed/manual/Wikidata creator or suppress from default path.
4616	La Vita Nuova and the Divine Comedy	5	qb_contextual	quizbowl_author_answerline	low	Dante Alighieri	high	quizbowl_author_answerline_creator; low_confidence_creator	Replace with reviewed/manual/Wikidata creator or suppress from default path.
4710	The Years With Ross	5	qb_contextual	quizbowl_author_answerline	medium	30 POINTS	high	quizbowl_author_answerline_creator; answerline_fragment_creator	Replace with reviewed/manual/Wikidata creator or suppress from default path.
4718	The Waves and Mrs	5	qb_contextual	quizbowl_author_answerline	low	(Adeline) Virginia Woolf	high	quizbowl_author_answerline_creator; low_confidence_creator	Replace with reviewed/manual/Wikidata creator or suppress from default path.
4787	The Red Commissar	5	qb_contextual	quizbowl_author_answerline	medium	Czech language	high	quizbowl_author_answerline_creator; country_or_language_creator	Replace with reviewed/manual/Wikidata creator or suppress from default path.
4838	Awful Mess on the Via Merulana	5	qb_contextual	quizbowl_author_answerline	low	Carlo Emilio Gadda (6)	high	quizbowl_author_answerline_creator; low_confidence_creator; answerline_fragment_creator	Replace with reviewed/manual/Wikidata creator or suppress from default path.
4866	La Hermosura de Ang	5	qb_contextual	quizbowl_author_answerline	low	Lope Félix de Vega Carpio	high	quizbowl_author_answerline_creator; low_confidence_creator	Replace with reviewed/manual/Wikidata creator or suppress from default path.
4733	The Casual Vacancy	4	qb_contextual	quizbowl_author_answerline	low	J.K. Rowling	high	quizbowl_author_answerline_creator; low_confidence_creator	Replace with reviewed/manual/Wikidata creator or suppress from default path.
4854	The Man in the Moone	4	qb_contextual	quizbowl_author_answerline	low	Francis Godwin	high	quizbowl_author_answerline_creator; low_confidence_creator	Replace with reviewed/manual/Wikidata creator or suppress from default path.
4870	The Waves and To the Lighthouse	4	qb_contextual	quizbowl_author_answerline	low	(Adeline) Virginia (Stephen) Woolf	high	quizbowl_author_answerline_creator; low_confidence_creator	Replace with reviewed/manual/Wikidata creator or suppress from default path.
4883	The Maid of Turkey	4	qb_contextual	quizbowl_author_answerline	low	Lord Byron	high	quizbowl_author_answerline_creator; low_confidence_creator	Replace with reviewed/manual/Wikidata creator or suppress from default path.
4906	The Countess of Montgomery	4	qb_contextual	quizbowl_author_answerline	low	Mary Wroth	high	quizbowl_author_answerline_creator; low_confidence_creator	Replace with reviewed/manual/Wikidata creator or suppress from default path.
2544	The Shepheardes Calendar	39	qb_contextual	quizbowl_author_answerline	medium	Edmund Spenser	medium	quizbowl_author_answerline_creator	Replace with reviewed/manual/Wikidata creator or suppress from default path.
2628	The Death of Bessie Smith	38	qb_contextual	quizbowl_author_answerline	medium	Edward Franklin Albee III	medium	quizbowl_author_answerline_creator	Replace with reviewed/manual/Wikidata creator or suppress from default path.
2930	Ithaka	38	qb_contextual	quizbowl_author_answerline	medium	Constantin P. Cavafy	medium	quizbowl_author_answerline_creator	Replace with reviewed/manual/Wikidata creator or suppress from default path.
2520	The Shortest Way with the Dissenters	37	qb_contextual	quizbowl_author_answerline	medium	Daniel Defoe	medium	quizbowl_author_answerline_creator	Replace with reviewed/manual/Wikidata creator or suppress from default path.
2679	The Lady of the Camellias	37	qb_contextual	quizbowl_author_answerline	medium	Alexandre Dumas, père	medium	quizbowl_author_answerline_creator	Replace with reviewed/manual/Wikidata creator or suppress from default path.
2738	Leaf Storm	37	qb_contextual	quizbowl_author_answerline	medium	Gabriel José de la Concordia García Márquez	medium	quizbowl_author_answerline_creator	Replace with reviewed/manual/Wikidata creator or suppress from default path.
2658	The Vampire	35	qb_contextual	quizbowl_author_answerline	medium	Charles Baudelaire	medium	quizbowl_author_answerline_creator	Replace with reviewed/manual/Wikidata creator or suppress from default path.
2690	The Swamp Dwellers	35	qb_contextual	quizbowl_author_answerline	medium	Wole Soyinka	medium	quizbowl_author_answerline_creator	Replace with reviewed/manual/Wikidata creator or suppress from default path.
2843	The Kitchen God	35	qb_contextual	quizbowl_author_answerline	medium	Amy Tan	medium	quizbowl_author_answerline_creator	Replace with reviewed/manual/Wikidata creator or suppress from default path.
2612	The Song of the Chattahoochee	34	qb_contextual	quizbowl_author_answerline	medium	Sidney Lanier	medium	quizbowl_author_answerline_creator	Replace with reviewed/manual/Wikidata creator or suppress from default path.
2709	Devil on the Cross	33	qb_contextual	quizbowl_author_answerline	medium	Ngũgĩ (“n-GOO-ghee”) wa Thiong’o	medium	quizbowl_author_answerline_creator	Replace with reviewed/manual/Wikidata creator or suppress from default path.
2768	The Increased Difficulty of Concentration	33	qb_contextual	quizbowl_author_answerline	medium	Vaclav Havel	medium	quizbowl_author_answerline_creator	Replace with reviewed/manual/Wikidata creator or suppress from default path.
2757	If on a Winter	32	qb_contextual	quizbowl_author_answerline	medium	Italo Calvino	medium	quizbowl_author_answerline_creator	Replace with reviewed/manual/Wikidata creator or suppress from default path.
2780	All the King	32	qb_contextual	quizbowl_author_answerline	medium	Robert Penn Warren	medium	quizbowl_author_answerline_creator	Replace with reviewed/manual/Wikidata creator or suppress from default path.
2878	The Shortest Way with Dissenters	32	qb_contextual	quizbowl_author_answerline	medium	Daniel Defoe	medium	quizbowl_author_answerline_creator	Replace with reviewed/manual/Wikidata creator or suppress from default path.
2684	The Wild Ass	30	qb_contextual	quizbowl_author_answerline	medium	Honoré de Balzac	medium	quizbowl_author_answerline_creator	Replace with reviewed/manual/Wikidata creator or suppress from default path.
2753	Pictures of the Gone World	30	qb_contextual	quizbowl_author_answerline	medium	Lawrence Ferlinghetti	medium	quizbowl_author_answerline_creator	Replace with reviewed/manual/Wikidata creator or suppress from default path.
2800	Their Wedding Journey	30	qb_contextual	quizbowl_author_answerline	medium	William Dean HOWELLS	medium	quizbowl_author_answerline_creator	Replace with reviewed/manual/Wikidata creator or suppress from default path.
2912	The House of Spirits	30	qb_contextual	quizbowl_author_answerline	medium	Isabel Allende	medium	quizbowl_author_answerline_creator	Replace with reviewed/manual/Wikidata creator or suppress from default path.
2890	Preface to a Twenty Volume Suicide Note	29	qb_contextual	quizbowl_author_answerline	medium	Amiri Baraka or LeRoi Jones	medium	quizbowl_author_answerline_creator	Replace with reviewed/manual/Wikidata creator or suppress from default path.
2982	The Signifying Monkey	28	qb_contextual	quizbowl_author_answerline	medium	Henry Louis Gates, Jr	medium	quizbowl_author_answerline_creator	Replace with reviewed/manual/Wikidata creator or suppress from default path.
2985	The Great Tradition	28	qb_contextual	quizbowl_author_answerline	medium	FR Leavis and CP Snow	medium	quizbowl_author_answerline_creator	Replace with reviewed/manual/Wikidata creator or suppress from default path.
3077	The Great Lawsuit	28	qb_contextual	quizbowl_author_answerline	medium	The Dial	medium	quizbowl_author_answerline_creator	Replace with reviewed/manual/Wikidata creator or suppress from default path.
2915	The Story of a Shipwrecked Sailor	27	qb_contextual	quizbowl_author_answerline	medium	Gabriel Garcia Marquez	medium	quizbowl_author_answerline_creator	Replace with reviewed/manual/Wikidata creator or suppress from default path.
2931	Josephine the Singer	27	qb_contextual	quizbowl_author_answerline	medium	Franz Kafka	medium	quizbowl_author_answerline_creator	Replace with reviewed/manual/Wikidata creator or suppress from default path.
2953	The Ordeal of Richard Feverel	27	qb_contextual	quizbowl_author_answerline	medium	George Meredith	medium	quizbowl_author_answerline_creator	Replace with reviewed/manual/Wikidata creator or suppress from default path.
2831	Majors and Minors	26	qb_contextual	quizbowl_author_answerline	medium	Paul Laurence Dunbar	medium	quizbowl_author_answerline_creator	Replace with reviewed/manual/Wikidata creator or suppress from default path.
2933	The Devil's Elixir	26	qb_contextual	quizbowl_author_answerline	medium	E.T.A. _Hoffman	medium	quizbowl_author_answerline_creator	Replace with reviewed/manual/Wikidata creator or suppress from default path.
2940	Boston	26	qb_contextual	quizbowl_author_answerline	medium	Upton Beall Sinclair	medium	quizbowl_author_answerline_creator	Replace with reviewed/manual/Wikidata creator or suppress from default path.
3099	The Shepheardes Calender	26	qb_contextual	quizbowl_author_answerline	medium	Edmund Spenser	medium	quizbowl_author_answerline_creator	Replace with reviewed/manual/Wikidata creator or suppress from default path.
3102	Atta Troll	26	qb_contextual	quizbowl_author_answerline	medium	Heinrich Heine	medium	quizbowl_author_answerline_creator	Replace with reviewed/manual/Wikidata creator or suppress from default path.
3144	The Defense of Poesy	26	qb_contextual	quizbowl_author_answerline	medium	Sir Philip Sidney	medium	quizbowl_author_answerline_creator	Replace with reviewed/manual/Wikidata creator or suppress from default path.
3161	The Room	25	qb_contextual	quizbowl_author_answerline	medium	Harold Pinter	medium	quizbowl_author_answerline_creator	Replace with reviewed/manual/Wikidata creator or suppress from default path.
2584	The Square Root of Wonderful	24	qb_contextual	quizbowl_author_answerline	medium	(Lula) Carson McCullers	medium	quizbowl_author_answerline_creator	Replace with reviewed/manual/Wikidata creator or suppress from default path.
2643	The Master of Hestviken	24	qb_contextual	quizbowl_author_answerline	medium	Sigrid Undset	medium	quizbowl_author_answerline_creator	Replace with reviewed/manual/Wikidata creator or suppress from default path.
2729	The Private Life of the Master Race	24	qb_contextual	quizbowl_author_answerline	medium	Bertolt Brecht	medium	quizbowl_author_answerline_creator	Replace with reviewed/manual/Wikidata creator or suppress from default path.
3189	The Bonesetter's Daughter	24	qb_contextual	quizbowl_author_answerline	medium	Amy Tan	medium	quizbowl_author_answerline_creator	Replace with reviewed/manual/Wikidata creator or suppress from default path.
3277	Woman Hollering Creek	24	qb_contextual	quizbowl_author_answerline	medium	Sandra Cisneros	medium	quizbowl_author_answerline_creator	Replace with reviewed/manual/Wikidata creator or suppress from default path.
2579	Our Sister Killjoy	23	qb_contextual	quizbowl_author_answerline	medium	the slave trade	medium	quizbowl_author_answerline_creator	Replace with reviewed/manual/Wikidata creator or suppress from default path.
3133	Wallenstein	23	qb_contextual	quizbowl_author_answerline	medium	Johann Christoph Friedrich von Schiller	medium	quizbowl_author_answerline_creator	Replace with reviewed/manual/Wikidata creator or suppress from default path.
3254	Tristia	23	qb_contextual	quizbowl_author_answerline	medium	Ovid	medium	quizbowl_author_answerline_creator	Replace with reviewed/manual/Wikidata creator or suppress from default path.
2871	Buru Quartet	22	qb_contextual	quizbowl_author_answerline	medium	Indonesia	medium	quizbowl_author_answerline_creator	Replace with reviewed/manual/Wikidata creator or suppress from default path.
3056	Tiger-Lilies	22	qb_contextual	quizbowl_author_answerline	medium	Sidney Lanier	medium	quizbowl_author_answerline_creator	Replace with reviewed/manual/Wikidata creator or suppress from default path.
3135	The Fly	22	qb_contextual	quizbowl_author_answerline	medium	Katherine Mansfield Beauchamp Murry	medium	quizbowl_author_answerline_creator	Replace with reviewed/manual/Wikidata creator or suppress from default path.
3250	Pnin	22	qb_contextual	quizbowl_author_answerline	medium	Vladimir Nabokov	medium	quizbowl_author_answerline_creator	Replace with reviewed/manual/Wikidata creator or suppress from default path.
3388	Breath	22	qb_contextual	quizbowl_author_answerline	medium	Samuel Beckett	medium	quizbowl_author_answerline_creator	Replace with reviewed/manual/Wikidata creator or suppress from default path.
3489	Ten Thousand Lives	22	qb_contextual	quizbowl_author_answerline	medium	Ko Un	medium	quizbowl_author_answerline_creator	Replace with reviewed/manual/Wikidata creator or suppress from default path.
2974	Ramona	21	qb_contextual	quizbowl_author_answerline	medium	Helen Hunt Jackson	medium	quizbowl_author_answerline_creator	Replace with reviewed/manual/Wikidata creator or suppress from default path.
3188	Aura	21	qb_contextual	quizbowl_author_answerline	medium	Carlos Fuentes	medium	quizbowl_author_answerline_creator	Replace with reviewed/manual/Wikidata creator or suppress from default path.
3259	The Marriage of Mr	21	qb_contextual	quizbowl_author_answerline	medium	Friedrich Dürrenmatt	medium	quizbowl_author_answerline_creator	Replace with reviewed/manual/Wikidata creator or suppress from default path.
3317	Trilogy of the Rat	21	qb_contextual	quizbowl_author_answerline	medium	Haruki Murakami	medium	quizbowl_author_answerline_creator	Replace with reviewed/manual/Wikidata creator or suppress from default path.
3355	The World of Yesterday	21	qb_contextual	quizbowl_author_answerline	medium	Stefan Zweig	medium	quizbowl_author_answerline_creator	Replace with reviewed/manual/Wikidata creator or suppress from default path.
3442	Absurd Person Singular	21	qb_contextual	quizbowl_author_answerline	medium	Alan Bennett	medium	quizbowl_author_answerline_creator	Replace with reviewed/manual/Wikidata creator or suppress from default path.
3527	Labyrinths	21	qb_contextual	quizbowl_author_answerline	medium	Ficciónes	medium	quizbowl_author_answerline_creator	Replace with reviewed/manual/Wikidata creator or suppress from default path.
3260	Bus Stop and Picnic	20	qb_contextual	quizbowl_author_answerline	medium	William Inge	medium	quizbowl_author_answerline_creator	Replace with reviewed/manual/Wikidata creator or suppress from default path.
3432	Requiem for a Futurologist	20	qb_contextual	quizbowl_author_answerline	medium	Wole Soyinka	medium	quizbowl_author_answerline_creator	Replace with reviewed/manual/Wikidata creator or suppress from default path.
3464	News of a Kidnapping	20	qb_contextual	quizbowl_author_answerline	medium	Gabriel Garcia Marquez	medium	quizbowl_author_answerline_creator	Replace with reviewed/manual/Wikidata creator or suppress from default path.
3522	The Cancer Journals	20	qb_contextual	quizbowl_author_answerline	medium	Audre Lorde	medium	quizbowl_author_answerline_creator	Replace with reviewed/manual/Wikidata creator or suppress from default path.
3622	Snowbound	20	qb_contextual	quizbowl_author_answerline	medium	John Greenleaf Whittier	medium	quizbowl_author_answerline_creator	Replace with reviewed/manual/Wikidata creator or suppress from default path.
2443	Amoretti	19	qb_contextual	quizbowl_author_answerline	medium	Edmund Spenser	medium	quizbowl_author_answerline_creator	Replace with reviewed/manual/Wikidata creator or suppress from default path.
2467	The Mandarins	19	qb_contextual	quizbowl_author_answerline	medium	Simone de Beauvoir	medium	quizbowl_author_answerline_creator	Replace with reviewed/manual/Wikidata creator or suppress from default path.
2773	Parzival	19	qb_contextual	quizbowl_author_answerline	medium	Wolfram von Eschenbach	medium	quizbowl_author_answerline_creator	Replace with reviewed/manual/Wikidata creator or suppress from default path.
3054	Near to the Wild Heart	19	qb_contextual	quizbowl_author_answerline	medium	Brazil	medium	quizbowl_author_answerline_creator	Replace with reviewed/manual/Wikidata creator or suppress from default path.
3327	The Approximate Man	19	qb_contextual	quizbowl_author_answerline	medium	Tristan Tzara	medium	quizbowl_author_answerline_creator	Replace with reviewed/manual/Wikidata creator or suppress from default path.
3397	An Imperial Affliction	19	qb_contextual	quizbowl_author_answerline	medium	The Fault in Our Stars	medium	quizbowl_author_answerline_creator	Replace with reviewed/manual/Wikidata creator or suppress from default path.
3567	The Divine Narcissus	19	qb_contextual	quizbowl_author_answerline	medium	autos sacramentales	medium	quizbowl_author_answerline_creator	Replace with reviewed/manual/Wikidata creator or suppress from default path.
3595	Mist	19	qb_contextual	quizbowl_author_answerline	medium	Miguel de Unamuno	medium	quizbowl_author_answerline_creator	Replace with reviewed/manual/Wikidata creator or suppress from default path.
2255	The Visit	18	qb_contextual	quizbowl_author_answerline	medium	Switzerland	medium	quizbowl_author_answerline_creator	Replace with reviewed/manual/Wikidata creator or suppress from default path.
2292	The Dumbwaiter	18	qb_contextual	quizbowl_author_answerline	medium	Harold Pinter	medium	quizbowl_author_answerline_creator	Replace with reviewed/manual/Wikidata creator or suppress from default path.
2932	Wieland	18	qb_contextual	quizbowl_author_answerline	medium	Charles Brockden Brown	medium	quizbowl_author_answerline_creator	Replace with reviewed/manual/Wikidata creator or suppress from default path.
3083	Elementary Odes	18	qb_contextual	quizbowl_author_answerline	medium	Pablo Neruda	medium	quizbowl_author_answerline_creator	Replace with reviewed/manual/Wikidata creator or suppress from default path.
3562	Shamela	18	qb_contextual	quizbowl_author_answerline	medium	Henry Fielding	medium	quizbowl_author_answerline_creator	Replace with reviewed/manual/Wikidata creator or suppress from default path.
3587	Fables for Our Time	18	qb_contextual	quizbowl_author_answerline	medium	James Grover Thurber	medium	quizbowl_author_answerline_creator	Replace with reviewed/manual/Wikidata creator or suppress from default path.
2546	The Gambler	17	qb_contextual	quizbowl_author_answerline	medium	Fyodor Dostoevsky	medium	quizbowl_author_answerline_creator	Replace with reviewed/manual/Wikidata creator or suppress from default path.
2592	The Confessions of Zeno	17	qb_contextual	quizbowl_author_answerline	medium	Italo Svevo	medium	quizbowl_author_answerline_creator	Replace with reviewed/manual/Wikidata creator or suppress from default path.
3021	Justice	17	qb_contextual	quizbowl_author_answerline	medium	Susan Moller Okin	medium	quizbowl_author_answerline_creator	Replace with reviewed/manual/Wikidata creator or suppress from default path.
3084	The Hearing Trumpet	17	qb_contextual	quizbowl_author_answerline	medium	Mexico	medium	quizbowl_author_answerline_creator	Replace with reviewed/manual/Wikidata creator or suppress from default path.
3493	Kappa	17	qb_contextual	quizbowl_author_answerline	medium	Ryunosuke Akutagawa	medium	quizbowl_author_answerline_creator	Replace with reviewed/manual/Wikidata creator or suppress from default path.
3614	The White Disease	17	qb_contextual	quizbowl_author_answerline	medium	Karel Čapek	medium	quizbowl_author_answerline_creator	Replace with reviewed/manual/Wikidata creator or suppress from default path.
3637	Zima Junction	17	qb_contextual	quizbowl_author_answerline	medium	Yevgeny Yevtushenko	medium	quizbowl_author_answerline_creator	Replace with reviewed/manual/Wikidata creator or suppress from default path.
2736	Indiana	16	qb_contextual	quizbowl_author_answerline	medium	George Sand or Amandine-Aurore-Lucile Dudevant	medium	quizbowl_author_answerline_creator	Replace with reviewed/manual/Wikidata creator or suppress from default path.
2829	Kabbalah and Criticism	16	qb_contextual	quizbowl_author_answerline	medium	Harold Bloom	medium	quizbowl_author_answerline_creator	Replace with reviewed/manual/Wikidata creator or suppress from default path.
3047	The Killer	16	qb_contextual	quizbowl_author_answerline	medium	Eugène Ionesco	medium	quizbowl_author_answerline_creator	Replace with reviewed/manual/Wikidata creator or suppress from default path.
3112	Sappho	16	qb_contextual	quizbowl_author_answerline	medium	Anne Carson	medium	quizbowl_author_answerline_creator	Replace with reviewed/manual/Wikidata creator or suppress from default path.
3307	Sonnets for Helen	16	qb_contextual	quizbowl_author_answerline	medium	La Pleiade	medium	quizbowl_author_answerline_creator	Replace with reviewed/manual/Wikidata creator or suppress from default path.
3551	The Death of Ivan Ilych	16	qb_contextual	quizbowl_author_answerline	medium	Leo (Lev) Tolstoy	medium	quizbowl_author_answerline_creator	Replace with reviewed/manual/Wikidata creator or suppress from default path.
3558	The Philosophy of the Act	16	qb_contextual	quizbowl_author_answerline	medium	George Herbert Mead	medium	quizbowl_author_answerline_creator	Replace with reviewed/manual/Wikidata creator or suppress from default path.
3643	The Ballad of the Sad Caf	16	qb_contextual	quizbowl_author_answerline	medium	Carson McCullers	medium	quizbowl_author_answerline_creator	Replace with reviewed/manual/Wikidata creator or suppress from default path.
3655	The Sign in Sidney Brustein	16	qb_contextual	quizbowl_author_answerline	medium	Lorraine Hansberry	medium	quizbowl_author_answerline_creator	Replace with reviewed/manual/Wikidata creator or suppress from default path.
3685	The Confession of a White Widowed Male	16	qb_contextual	quizbowl_author_answerline	medium	Humbert Humbert	medium	quizbowl_author_answerline_creator	Replace with reviewed/manual/Wikidata creator or suppress from default path.
3715	The Map of Love	16	qb_contextual	quizbowl_author_answerline	medium	Dylan	medium	quizbowl_author_answerline_creator	Replace with reviewed/manual/Wikidata creator or suppress from default path.
3729	Lyrical Ballads with Samuel Taylor Coleridge	16	qb_contextual	quizbowl_author_answerline	medium	William Wordsworth	medium	quizbowl_author_answerline_creator	Replace with reviewed/manual/Wikidata creator or suppress from default path.
2449	Candida	15	qb_contextual	quizbowl_author_answerline	medium	George Bernard Shaw	medium	quizbowl_author_answerline_creator	Replace with reviewed/manual/Wikidata creator or suppress from default path.
2995	Horace	15	qb_contextual	quizbowl_author_answerline	medium	Pierre Corneille	medium	quizbowl_author_answerline_creator	Replace with reviewed/manual/Wikidata creator or suppress from default path.
3417	Atala	15	qb_contextual	quizbowl_author_answerline	medium	Francois-Rene de Chateaubriand	medium	quizbowl_author_answerline_creator	Replace with reviewed/manual/Wikidata creator or suppress from default path.
3794	The Great American Fraud	15	qb_contextual	quizbowl_author_answerline	medium	Muckrakers	medium	quizbowl_author_answerline_creator	Replace with reviewed/manual/Wikidata creator or suppress from default path.
3960	Born to Slow Horses	15	qb_contextual	quizbowl_author_answerline	medium	Kamau Brathwaite	medium	quizbowl_author_answerline_creator	Replace with reviewed/manual/Wikidata creator or suppress from default path.
3705	The Mambo Kings Play Songs of Love	14	qb_contextual	quizbowl_author_answerline	medium	Cuban-American	medium	quizbowl_author_answerline_creator	Replace with reviewed/manual/Wikidata creator or suppress from default path.
3719	Under Ben Bulben	14	qb_contextual	quizbowl_author_answerline	medium	William Butler Yeats	medium	quizbowl_author_answerline_creator	Replace with reviewed/manual/Wikidata creator or suppress from default path.
3842	How Fiction Works	14	qb_contextual	quizbowl_author_answerline	medium	James Wood	medium	quizbowl_author_answerline_creator	Replace with reviewed/manual/Wikidata creator or suppress from default path.
3996	The Nature of Prejudice	14	qb_contextual	quizbowl_author_answerline	medium	Gordon Allport	medium	quizbowl_author_answerline_creator	Replace with reviewed/manual/Wikidata creator or suppress from default path.
4072	The Bonds of Interest	14	qb_contextual	quizbowl_author_answerline	medium	Jacinto Benavente y Martinez	medium	quizbowl_author_answerline_creator	Replace with reviewed/manual/Wikidata creator or suppress from default path.
3438	Heptameron	13	qb_contextual	quizbowl_author_answerline	medium	Marguerite of Navarre OR Marguerite Angouleme	medium	quizbowl_author_answerline_creator	Replace with reviewed/manual/Wikidata creator or suppress from default path.
3514	Vertigo	13	qb_contextual	quizbowl_author_answerline	medium	W. G. Sebald	medium	quizbowl_author_answerline_creator	Replace with reviewed/manual/Wikidata creator or suppress from default path.
3589	Amelia	13	qb_contextual	quizbowl_author_answerline	medium	Henry Fielding	medium	quizbowl_author_answerline_creator	Replace with reviewed/manual/Wikidata creator or suppress from default path.
3753	The Necessary Angel	13	qb_contextual	quizbowl_author_answerline	medium	Wallace Stevens	medium	quizbowl_author_answerline_creator	Replace with reviewed/manual/Wikidata creator or suppress from default path.
3768	The Confessions of Nat Turner and Sophie's Choice	13	qb_contextual	quizbowl_author_answerline	medium	William STYRON	medium	quizbowl_author_answerline_creator	Replace with reviewed/manual/Wikidata creator or suppress from default path.
3932	Too Late the Phalarope and Ah	13	qb_contextual	quizbowl_author_answerline	medium	Alan Paton	medium	quizbowl_author_answerline_creator	Replace with reviewed/manual/Wikidata creator or suppress from default path.
3943	The Yiddish Policemen	13	qb_contextual	quizbowl_author_answerline	medium	Michael Chabon	medium	quizbowl_author_answerline_creator	Replace with reviewed/manual/Wikidata creator or suppress from default path.
3968	The Antitrust Paradox	13	qb_contextual	quizbowl_author_answerline	medium	the Robert Bork nomination/confirmation hearings	medium	quizbowl_author_answerline_creator	Replace with reviewed/manual/Wikidata creator or suppress from default path.
4046	The Pears of the Elm	13	qb_contextual	quizbowl_author_answerline	medium	Octavio Paz	medium	quizbowl_author_answerline_creator	Replace with reviewed/manual/Wikidata creator or suppress from default path.
4219	The Roman Actor	13	qb_contextual	quizbowl_author_answerline	medium	Philip Massinger	medium	quizbowl_author_answerline_creator	Replace with reviewed/manual/Wikidata creator or suppress from default path.
3315	The Silmarillion	12	qb_contextual	quizbowl_author_answerline	medium	J.R.R. Tolkien /	medium	quizbowl_author_answerline_creator	Replace with reviewed/manual/Wikidata creator or suppress from default path.
3457	Eurydice	12	qb_contextual	quizbowl_author_answerline	medium	Jean Anouilh	medium	quizbowl_author_answerline_creator	Replace with reviewed/manual/Wikidata creator or suppress from default path.
3462	Hiroshima	12	qb_contextual	quizbowl_author_answerline	medium	Kenzaburo Oe	medium	quizbowl_author_answerline_creator	Replace with reviewed/manual/Wikidata creator or suppress from default path.
3673	The Theory of the Novel	12	qb_contextual	quizbowl_author_answerline	medium	György Lukács (LOO-kahsh)	medium	quizbowl_author_answerline_creator	Replace with reviewed/manual/Wikidata creator or suppress from default path.
3865	The Sunset Limited	12	qb_contextual	quizbowl_author_answerline	medium	Cormac McCarthy	medium	quizbowl_author_answerline_creator	Replace with reviewed/manual/Wikidata creator or suppress from default path.
3889	The Affected Young Ladies	12	qb_contextual	quizbowl_author_answerline	medium	Moliere	medium	quizbowl_author_answerline_creator	Replace with reviewed/manual/Wikidata creator or suppress from default path.
4070	The Brewing of Soma	12	qb_contextual	quizbowl_author_answerline	medium	John Greenleaf Whittier	medium	quizbowl_author_answerline_creator	Replace with reviewed/manual/Wikidata creator or suppress from default path.
4169	Salve Deus Rex Judaeorum	12	qb_contextual	quizbowl_author_answerline	medium	the Dark Lady	medium	quizbowl_author_answerline_creator	Replace with reviewed/manual/Wikidata creator or suppress from default path.
4178	The Torch in My Ear	12	qb_contextual	quizbowl_author_answerline	medium	Elias Canetti	medium	quizbowl_author_answerline_creator	Replace with reviewed/manual/Wikidata creator or suppress from default path.
3508	Libra	11	qb_contextual	quizbowl_author_answerline	medium	Don DeLillo	medium	quizbowl_author_answerline_creator	Replace with reviewed/manual/Wikidata creator or suppress from default path.
3601	The Palm-Wine Drunkard	11	qb_contextual	quizbowl_author_answerline	medium	Nigeria	medium	quizbowl_author_answerline_creator	Replace with reviewed/manual/Wikidata creator or suppress from default path.
3994	The First Heavenly Adventure of Mr	11	qb_contextual	quizbowl_author_answerline	medium	Tristan Tzara	medium	quizbowl_author_answerline_creator	Replace with reviewed/manual/Wikidata creator or suppress from default path.
3290	Electra	10	qb_contextual	quizbowl_author_answerline	medium	Sophocles	medium	quizbowl_author_answerline_creator	Replace with reviewed/manual/Wikidata creator or suppress from default path.
3505	Thebaid	10	qb_contextual	quizbowl_author_answerline	medium	Publius Papinius Statius	medium	quizbowl_author_answerline_creator	Replace with reviewed/manual/Wikidata creator or suppress from default path.
3574	Ward Number 6	10	qb_contextual	quizbowl_author_answerline	medium	Anton CHEKHOV	medium	quizbowl_author_answerline_creator	Replace with reviewed/manual/Wikidata creator or suppress from default path.
3577	Experience	10	qb_contextual	quizbowl_author_answerline	medium	Ralph Waldo Emerson	medium	quizbowl_author_answerline_creator	Replace with reviewed/manual/Wikidata creator or suppress from default path.
3578	Michael Kolhaas	10	qb_contextual	quizbowl_author_answerline	medium	Heinrich von Kleist	medium	quizbowl_author_answerline_creator	Replace with reviewed/manual/Wikidata creator or suppress from default path.
3653	Carrie	10	qb_contextual	quizbowl_author_answerline	medium	Stephen Edwin King	medium	quizbowl_author_answerline_creator	Replace with reviewed/manual/Wikidata creator or suppress from default path.
3970	The Viviparous Quadrupeds of North America	10	qb_contextual	quizbowl_author_answerline	medium	John James Audobon	medium	quizbowl_author_answerline_creator	Replace with reviewed/manual/Wikidata creator or suppress from default path.
4107	The Good-Natur	10	qb_contextual	quizbowl_author_answerline	medium	Oliver Goldsmith	medium	quizbowl_author_answerline_creator	Replace with reviewed/manual/Wikidata creator or suppress from default path.
4151	The Bigelow Papers	10	qb_contextual	quizbowl_author_answerline	medium	James Russell Lowell	medium	quizbowl_author_answerline_creator	Replace with reviewed/manual/Wikidata creator or suppress from default path.
4162	Tropical Night Falling	10	qb_contextual	quizbowl_author_answerline	medium	Manuel Puig	medium	quizbowl_author_answerline_creator	Replace with reviewed/manual/Wikidata creator or suppress from default path.
4167	The Quest for the Historical Jesus	10	qb_contextual	quizbowl_author_answerline	medium	Albert Schweitzer	medium	quizbowl_author_answerline_creator	Replace with reviewed/manual/Wikidata creator or suppress from default path.
4341	Indian de	10	qb_contextual	quizbowl_author_answerline	medium	Jhumpa Lahiri	medium	quizbowl_author_answerline_creator	Replace with reviewed/manual/Wikidata creator or suppress from default path.
4385	One Day I Will Write About This Place	10	qb_contextual	quizbowl_author_answerline	medium	Gikuyu language	medium	quizbowl_author_answerline_creator	Replace with reviewed/manual/Wikidata creator or suppress from default path.
4792	The Tree of Diana	10	qb_contextual	quizbowl_author_answerline	medium	Alejandra Pizarnik	medium	quizbowl_author_answerline_creator	Replace with reviewed/manual/Wikidata creator or suppress from default path.
3499	Seventeen	9	qb_contextual	quizbowl_author_answerline	medium	Newton Booth Tarkington	medium	quizbowl_author_answerline_creator	Replace with reviewed/manual/Wikidata creator or suppress from default path.
4391	Romanticism and Christianity	9	qb_contextual	quizbowl_author_answerline	medium	letters by Moses Herzog	medium	quizbowl_author_answerline_creator	Replace with reviewed/manual/Wikidata creator or suppress from default path.
4414	The Thousand Autumns of Jacob de Zoet	9	qb_contextual	quizbowl_author_answerline	medium	David Mitchell	medium	quizbowl_author_answerline_creator	Replace with reviewed/manual/Wikidata creator or suppress from default path.
4497	Diary of the War of the Pig	9	qb_contextual	quizbowl_author_answerline	medium	Adolfo Bioy Casares	medium	quizbowl_author_answerline_creator	Replace with reviewed/manual/Wikidata creator or suppress from default path.
4613	Jumpers and Arcadia	9	qb_contextual	quizbowl_author_answerline	medium	Tom Stoppard	medium	quizbowl_author_answerline_creator	Replace with reviewed/manual/Wikidata creator or suppress from default path.
3735	The Eunuch	8	qb_contextual	quizbowl_author_answerline	medium	Terence	medium	quizbowl_author_answerline_creator	Replace with reviewed/manual/Wikidata creator or suppress from default path.
4230	The Bloudy Tenent of Persecution	8	qb_contextual	quizbowl_author_answerline	medium	(Roger) Williams	medium	quizbowl_author_answerline_creator	Replace with reviewed/manual/Wikidata creator or suppress from default path.
4284	Henderson the Rain King and Herzog	8	qb_contextual	quizbowl_author_answerline	medium	Saul Bellow	medium	quizbowl_author_answerline_creator	Replace with reviewed/manual/Wikidata creator or suppress from default path.
4310	Around the World in 80 Days and 20	8	qb_contextual	quizbowl_author_answerline	medium	Jules Gabriel Verne	medium	quizbowl_author_answerline_creator	Replace with reviewed/manual/Wikidata creator or suppress from default path.
4319	The American Churches	8	qb_contextual	quizbowl_author_answerline	medium	James Gillespie Birney	medium	quizbowl_author_answerline_creator	Replace with reviewed/manual/Wikidata creator or suppress from default path.
4373	The Cosmological Eye	8	qb_contextual	quizbowl_author_answerline	medium	Henry Miller	medium	quizbowl_author_answerline_creator	Replace with reviewed/manual/Wikidata creator or suppress from default path.
4377	Philoctetes and Electra	8	qb_contextual	quizbowl_author_answerline	medium	Sophocles	medium	quizbowl_author_answerline_creator	Replace with reviewed/manual/Wikidata creator or suppress from default path.
4568	Living on a Lifeboat	8	qb_contextual	quizbowl_author_answerline	medium	Garrett Hardin	medium	quizbowl_author_answerline_creator	Replace with reviewed/manual/Wikidata creator or suppress from default path.
3972	Roland	7	qb_contextual	quizbowl_author_answerline	medium	Italy	medium	quizbowl_author_answerline_creator	Replace with reviewed/manual/Wikidata creator or suppress from default path.
4386	Purple Hibiscus and Americanah	7	qb_contextual	quizbowl_author_answerline	medium	Chimamanda Ngozi Adichie	medium	quizbowl_author_answerline_creator	Replace with reviewed/manual/Wikidata creator or suppress from default path.
4522	The Seven Story Mountain	7	qb_contextual	quizbowl_author_answerline	medium	Trappists	medium	quizbowl_author_answerline_creator	Replace with reviewed/manual/Wikidata creator or suppress from default path.
4564	The Two Noble Kinsmen with Shakespeare	7	qb_contextual	quizbowl_author_answerline	medium	Beaumont and Fletcher	medium	quizbowl_author_answerline_creator	Replace with reviewed/manual/Wikidata creator or suppress from default path.
4569	The French Lieutenant	7	qb_contextual	quizbowl_author_answerline	medium	John Fowles	medium	quizbowl_author_answerline_creator	Replace with reviewed/manual/Wikidata creator or suppress from default path.
4579	Night of January 16	7	qb_contextual	quizbowl_author_answerline	medium	Ayn Rand	medium	quizbowl_author_answerline_creator	Replace with reviewed/manual/Wikidata creator or suppress from default path.
4653	The River-merchant	7	qb_contextual	quizbowl_author_answerline	medium	Li Po or Li Bai	medium	quizbowl_author_answerline_creator	Replace with reviewed/manual/Wikidata creator or suppress from default path.
4860	The House of Eccles Street	7	qb_contextual	quizbowl_author_answerline	medium	Elizabeth Costello	medium	quizbowl_author_answerline_creator	Replace with reviewed/manual/Wikidata creator or suppress from default path.
4124	Zaire	6	qb_contextual	quizbowl_author_answerline	medium	Voltaire	medium	quizbowl_author_answerline_creator	Replace with reviewed/manual/Wikidata creator or suppress from default path.
4481	White Buildings and The Bridge	6	qb_contextual	quizbowl_author_answerline	medium	Hart Crane	medium	quizbowl_author_answerline_creator	Replace with reviewed/manual/Wikidata creator or suppress from default path.
4555	Nip the Bud	6	qb_contextual	quizbowl_author_answerline	medium	Kenzaburo Oe	medium	quizbowl_author_answerline_creator	Replace with reviewed/manual/Wikidata creator or suppress from default path.
4597	Georgics and the Eclogues	6	qb_contextual	quizbowl_author_answerline	medium	Publius Vergilius Maro	medium	quizbowl_author_answerline_creator	Replace with reviewed/manual/Wikidata creator or suppress from default path.
4611	Lyrical Ballads with Coleridge	6	qb_contextual	quizbowl_author_answerline	medium	William Wordsworth	medium	quizbowl_author_answerline_creator	Replace with reviewed/manual/Wikidata creator or suppress from default path.
4622	How the Garc	6	qb_contextual	quizbowl_author_answerline	medium	Julia Alvarez	medium	quizbowl_author_answerline_creator	Replace with reviewed/manual/Wikidata creator or suppress from default path.
4728	Shame de	6	qb_contextual	quizbowl_author_answerline	medium	Sir Ahmed Salman Rushdie	medium	quizbowl_author_answerline_creator	Replace with reviewed/manual/Wikidata creator or suppress from default path.
4776	The Myth of the 20	6	qb_contextual	quizbowl_author_answerline	medium	Alfred _ROSENBERG	medium	quizbowl_author_answerline_creator	Replace with reviewed/manual/Wikidata creator or suppress from default path.
4425	The Apology	5	qb_contextual	quizbowl_author_answerline	medium	Plato	medium	quizbowl_author_answerline_creator	Replace with reviewed/manual/Wikidata creator or suppress from default path.
4588	Children of Gebelawi and the Cairo Trilogy	5	qb_contextual	quizbowl_author_answerline	medium	Naguib Mahfouz	medium	quizbowl_author_answerline_creator	Replace with reviewed/manual/Wikidata creator or suppress from default path.
4699	Song of the Poorly Loved	5	qb_contextual	quizbowl_author_answerline	medium	Guilliaume Appolinaire	medium	quizbowl_author_answerline_creator	Replace with reviewed/manual/Wikidata creator or suppress from default path.
4734	Theory of Electrodynamic Phenomena	4	qb_contextual	quizbowl_author_answerline	medium	Andre Marie _Ampere	medium	quizbowl_author_answerline_creator	Replace with reviewed/manual/Wikidata creator or suppress from default path.
4767	4 BC to 65 AD	4	qb_contextual	quizbowl_author_answerline	medium	Seneca	medium	quizbowl_author_answerline_creator	Replace with reviewed/manual/Wikidata creator or suppress from default path.
4790	The Shepheards Calender	4	qb_contextual	quizbowl_author_answerline	medium	Edmund Spencer	medium	quizbowl_author_answerline_creator	Replace with reviewed/manual/Wikidata creator or suppress from default path.
4857	Wolf in White Van	4	qb_contextual	quizbowl_author_answerline	medium	John Darnielle	medium	quizbowl_author_answerline_creator	Replace with reviewed/manual/Wikidata creator or suppress from default path.
4875	Theatre of the Balustrade	4	qb_contextual	quizbowl_author_answerline	medium	Vaclav Havel	medium	quizbowl_author_answerline_creator	Replace with reviewed/manual/Wikidata creator or suppress from default path.
4885	The Parsley Garden	4	qb_contextual	quizbowl_author_answerline	medium	William Saroyan	medium	quizbowl_author_answerline_creator	Replace with reviewed/manual/Wikidata creator or suppress from default path.
